video_name,policy_name,bandwidth_mbps,round_trip_time_ms,loss_rate,job_index,job_count,output_directory,summary_csv,status,return_code,elapsed_seconds,stdout_tail,stderr_tail
archive_popeye_512kb,heuristic_frame_aware,0.5,10.0,0.0,1,243,output\mininet_actual_experiment\archive_popeye_512kb\heuristic_frame_aware\0p5mbps,output\mininet_actual_experiment\archive_popeye_512kb\heuristic_frame_aware\0p5mbps\summary.csv,completed,0,484.0,"{
  ""video_name"": ""archive_popeye_512kb"",
  ""policy_name"": ""heuristic_frame_aware"",
  ""bandwidth_mbps"": 0.5,
  ""repeat_count"": 1,
  ""output_directory"": ""/mnt/c/git/network/output/mininet_actual_experiment/archive_popeye_512kb/heuristic_frame_aware/0p5mbps"",
  ""summary_csv"": ""/mnt/c/git/network/output/mininet_actual_experiment/archive_popeye_512kb/heuristic_frame_aware/0p5mbps/summary.csv""
}
","2026-05-18 09:46:19,755 INFO __main__ - Starting repeat 1/1 for video=archive_popeye_512kb policy=heuristic_frame_aware bandwidth=0.5 Mbps
"
archive_popeye_512kb,heuristic_frame_aware,0.5,10.0,1.0,2,243,output\mininet_actual_experiment\archive_popeye_512kb\heuristic_frame_aware\0p5mbps_rtt10ms_loss1pct,output\mininet_actual_experiment\archive_popeye_512kb\heuristic_frame_aware\0p5mbps_rtt10ms_loss1pct\summary.csv,completed,0,483.125,"{
  ""video_name"": ""archive_popeye_512kb"",
  ""policy_name"": ""heuristic_frame_aware"",
  ""bandwidth_mbps"": 0.5,
  ""repeat_count"": 1,
  ""output_directory"": ""/mnt/c/git/network/output/mininet_actual_experiment/archive_popeye_512kb/heuristic_frame_aware/0p5mbps_rtt10ms_loss1pct"",
  ""summary_csv"": ""/mnt/c/git/network/output/mininet_actual_experiment/archive_popeye_512kb/heuristic_frame_aware/0p5mbps_rtt10ms_loss1pct/summary.csv""
}
","2026-05-18 09:54:23,551 INFO __main__ - Starting repeat 1/1 for video=archive_popeye_512kb policy=heuristic_frame_aware bandwidth=0.5 Mbps
"
archive_popeye_512kb,heuristic_frame_aware,0.5,10.0,3.0,3,243,output\mininet_actual_experiment\archive_popeye_512kb\heuristic_frame_aware\0p5mbps_rtt10ms_loss3pct,output\mininet_actual_experiment\archive_popeye_512kb\heuristic_frame_aware\0p5mbps_rtt10ms_loss3pct\summary.csv,completed,0,504.079,"{
  ""video_name"": ""archive_popeye_512kb"",
  ""policy_name"": ""heuristic_frame_aware"",
  ""bandwidth_mbps"": 0.5,
  ""repeat_count"": 1,
  ""output_directory"": ""/mnt/c/git/network/output/mininet_actual_experiment/archive_popeye_512kb/heuristic_frame_aware/0p5mbps_rtt10ms_loss3pct"",
  ""summary_csv"": ""/mnt/c/git/network/output/mininet_actual_experiment/archive_popeye_512kb/heuristic_frame_aware/0p5mbps_rtt10ms_loss3pct/summary.csv""
}
","2026-05-18 10:02:24,283 INFO __main__ - Starting repeat 1/1 for video=archive_popeye_512kb policy=heuristic_frame_aware bandwidth=0.5 Mbps
"
archive_popeye_512kb,heuristic_frame_aware,0.5,50.0,0.0,4,243,output\mininet_actual_experiment\archive_popeye_512kb\heuristic_frame_aware\0p5mbps_rtt50ms_loss0pct,output\mininet_actual_experiment\archive_popeye_512kb\heuristic_frame_aware\0p5mbps_rtt50ms_loss0pct\summary.csv,completed,0,483.797,"{
  ""video_name"": ""archive_popeye_512kb"",
  ""policy_name"": ""heuristic_frame_aware"",
  ""bandwidth_mbps"": 0.5,
  ""repeat_count"": 1,
  ""output_directory"": ""/mnt/c/git/network/output/mininet_actual_experiment/archive_popeye_512kb/heuristic_frame_aware/0p5mbps_rtt50ms_loss0pct"",
  ""summary_csv"": ""/mnt/c/git/network/output/mininet_actual_experiment/archive_popeye_512kb/heuristic_frame_aware/0p5mbps_rtt50ms_loss0pct/summary.csv""
}
","2026-05-18 10:10:50,585 INFO __main__ - Starting repeat 1/1 for video=archive_popeye_512kb policy=heuristic_frame_aware bandwidth=0.5 Mbps
"
archive_popeye_512kb,heuristic_frame_aware,0.5,50.0,1.0,5,243,output\mininet_actual_experiment\archive_popeye_512kb\heuristic_frame_aware\0p5mbps_rtt50ms_loss1pct,output\mininet_actual_experiment\archive_popeye_512kb\heuristic_frame_aware\0p5mbps_rtt50ms_loss1pct\summary.csv,completed,0,489.406,"{
  ""video_name"": ""archive_popeye_512kb"",
  ""policy_name"": ""heuristic_frame_aware"",
  ""bandwidth_mbps"": 0.5,
  ""repeat_count"": 1,
  ""output_directory"": ""/mnt/c/git/network/output/mininet_actual_experiment/archive_popeye_512kb/heuristic_frame_aware/0p5mbps_rtt50ms_loss1pct"",
  ""summary_csv"": ""/mnt/c/git/network/output/mininet_actual_experiment/archive_popeye_512kb/heuristic_frame_aware/0p5mbps_rtt50ms_loss1pct/summary.csv""
}
","2026-05-18 10:18:51,943 INFO __main__ - Starting repeat 1/1 for video=archive_popeye_512kb policy=heuristic_frame_aware bandwidth=0.5 Mbps
"
archive_popeye_512kb,heuristic_frame_aware,0.5,50.0,3.0,6,243,output\mininet_actual_experiment\archive_popeye_512kb\heuristic_frame_aware\0p5mbps_rtt50ms_loss3pct,output\mininet_actual_experiment\archive_popeye_512kb\heuristic_frame_aware\0p5mbps_rtt50ms_loss3pct\summary.csv,completed,0,557.328,"{
  ""video_name"": ""archive_popeye_512kb"",
  ""policy_name"": ""heuristic_frame_aware"",
  ""bandwidth_mbps"": 0.5,
  ""repeat_count"": 1,
  ""output_directory"": ""/mnt/c/git/network/output/mininet_actual_experiment/archive_popeye_512kb/heuristic_frame_aware/0p5mbps_rtt50ms_loss3pct"",
  ""summary_csv"": ""/mnt/c/git/network/output/mininet_actual_experiment/archive_popeye_512kb/heuristic_frame_aware/0p5mbps_rtt50ms_loss3pct/summary.csv""
}
","2026-05-18 10:27:01,611 INFO __main__ - Starting repeat 1/1 for video=archive_popeye_512kb policy=heuristic_frame_aware bandwidth=0.5 Mbps
"
archive_popeye_512kb,heuristic_frame_aware,0.5,100.0,0.0,7,243,output\mininet_actual_experiment\archive_popeye_512kb\heuristic_frame_aware\0p5mbps_rtt100ms_loss0pct,output\mininet_actual_experiment\archive_popeye_512kb\heuristic_frame_aware\0p5mbps_rtt100ms_loss0pct\summary.csv,completed,0,490.984,"{
  ""video_name"": ""archive_popeye_512kb"",
  ""policy_name"": ""heuristic_frame_aware"",
  ""bandwidth_mbps"": 0.5,
  ""repeat_count"": 1,
  ""output_directory"": ""/mnt/c/git/network/output/mininet_actual_experiment/archive_popeye_512kb/heuristic_frame_aware/0p5mbps_rtt100ms_loss0pct"",
  ""summary_csv"": ""/mnt/c/git/network/output/mininet_actual_experiment/archive_popeye_512kb/heuristic_frame_aware/0p5mbps_rtt100ms_loss0pct/summary.csv""
}
","2026-05-18 10:36:19,316 INFO __main__ - Starting repeat 1/1 for video=archive_popeye_512kb policy=heuristic_frame_aware bandwidth=0.5 Mbps
"
archive_popeye_512kb,heuristic_frame_aware,0.5,100.0,1.0,8,243,output\mininet_actual_experiment\archive_popeye_512kb\heuristic_frame_aware\0p5mbps_rtt100ms_loss1pct,output\mininet_actual_experiment\archive_popeye_512kb\heuristic_frame_aware\0p5mbps_rtt100ms_loss1pct\summary.csv,completed,0,507.329,"{
  ""video_name"": ""archive_popeye_512kb"",
  ""policy_name"": ""heuristic_frame_aware"",
  ""bandwidth_mbps"": 0.5,
  ""repeat_count"": 1,
  ""output_directory"": ""/mnt/c/git/network/output/mininet_actual_experiment/archive_popeye_512kb/heuristic_frame_aware/0p5mbps_rtt100ms_loss1pct"",
  ""summary_csv"": ""/mnt/c/git/network/output/mininet_actual_experiment/archive_popeye_512kb/heuristic_frame_aware/0p5mbps_rtt100ms_loss1pct/summary.csv""
}
","2026-05-18 10:44:30,392 INFO __main__ - Starting repeat 1/1 for video=archive_popeye_512kb policy=heuristic_frame_aware bandwidth=0.5 Mbps
"
archive_popeye_512kb,heuristic_frame_aware,0.5,100.0,3.0,9,243,output\mininet_actual_experiment\archive_popeye_512kb\heuristic_frame_aware\0p5mbps_rtt100ms_loss3pct,output\mininet_actual_experiment\archive_popeye_512kb\heuristic_frame_aware\0p5mbps_rtt100ms_loss3pct\summary.csv,completed,0,783.812,"{
  ""video_name"": ""archive_popeye_512kb"",
  ""policy_name"": ""heuristic_frame_aware"",
  ""bandwidth_mbps"": 0.5,
  ""repeat_count"": 1,
  ""output_directory"": ""/mnt/c/git/network/output/mininet_actual_experiment/archive_popeye_512kb/heuristic_frame_aware/0p5mbps_rtt100ms_loss3pct"",
  ""summary_csv"": ""/mnt/c/git/network/output/mininet_actual_experiment/archive_popeye_512kb/heuristic_frame_aware/0p5mbps_rtt100ms_loss3pct/summary.csv""
}
","2026-05-18 10:52:57,643 INFO __main__ - Starting repeat 1/1 for video=archive_popeye_512kb policy=heuristic_frame_aware bandwidth=0.5 Mbps
"
archive_popeye_512kb,heuristic_frame_aware,3.0,10.0,0.0,10,243,output\mininet_actual_experiment\archive_popeye_512kb\heuristic_frame_aware\3mbps,output\mininet_actual_experiment\archive_popeye_512kb\heuristic_frame_aware\3mbps\summary.csv,completed,0,459.578,"{
  ""video_name"": ""archive_popeye_512kb"",
  ""policy_name"": ""heuristic_frame_aware"",
  ""bandwidth_mbps"": 3.0,
  ""repeat_count"": 1,
  ""output_directory"": ""/mnt/c/git/network/output/mininet_actual_experiment/archive_popeye_512kb/heuristic_frame_aware/3mbps"",
  ""summary_csv"": ""/mnt/c/git/network/output/mininet_actual_experiment/archive_popeye_512kb/heuristic_frame_aware/3mbps/summary.csv""
}
","2026-05-18 11:06:01,551 INFO __main__ - Starting repeat 1/1 for video=archive_popeye_512kb policy=heuristic_frame_aware bandwidth=3.0 Mbps
"
archive_popeye_512kb,heuristic_frame_aware,3.0,10.0,1.0,11,243,output\mininet_actual_experiment\archive_popeye_512kb\heuristic_frame_aware\3mbps_rtt10ms_loss1pct,output\mininet_actual_experiment\archive_popeye_512kb\heuristic_frame_aware\3mbps_rtt10ms_loss1pct\summary.csv,completed,0,458.953,"{
  ""video_name"": ""archive_popeye_512kb"",
  ""policy_name"": ""heuristic_frame_aware"",
  ""bandwidth_mbps"": 3.0,
  ""repeat_count"": 1,
  ""output_directory"": ""/mnt/c/git/network/output/mininet_actual_experiment/archive_popeye_512kb/heuristic_frame_aware/3mbps_rtt10ms_loss1pct"",
  ""summary_csv"": ""/mnt/c/git/network/output/mininet_actual_experiment/archive_popeye_512kb/heuristic_frame_aware/3mbps_rtt10ms_loss1pct/summary.csv""
}
","2026-05-18 11:13:42,165 INFO __main__ - Starting repeat 1/1 for video=archive_popeye_512kb policy=heuristic_frame_aware bandwidth=3.0 Mbps
"
archive_popeye_512kb,heuristic_frame_aware,3.0,10.0,3.0,12,243,output\mininet_actual_experiment\archive_popeye_512kb\heuristic_frame_aware\3mbps_rtt10ms_loss3pct,output\mininet_actual_experiment\archive_popeye_512kb\heuristic_frame_aware\3mbps_rtt10ms_loss3pct\summary.csv,completed,0,457.25,"{
  ""video_name"": ""archive_popeye_512kb"",
  ""policy_name"": ""heuristic_frame_aware"",
  ""bandwidth_mbps"": 3.0,
  ""repeat_count"": 1,
  ""output_directory"": ""/mnt/c/git/network/output/mininet_actual_experiment/archive_popeye_512kb/heuristic_frame_aware/3mbps_rtt10ms_loss3pct"",
  ""summary_csv"": ""/mnt/c/git/network/output/mininet_actual_experiment/archive_popeye_512kb/heuristic_frame_aware/3mbps_rtt10ms_loss3pct/summary.csv""
}
","2026-05-18 11:21:21,408 INFO __main__ - Starting repeat 1/1 for video=archive_popeye_512kb policy=heuristic_frame_aware bandwidth=3.0 Mbps
"
archive_popeye_512kb,heuristic_frame_aware,3.0,50.0,0.0,13,243,output\mininet_actual_experiment\archive_popeye_512kb\heuristic_frame_aware\3mbps_rtt50ms_loss0pct,output\mininet_actual_experiment\archive_popeye_512kb\heuristic_frame_aware\3mbps_rtt50ms_loss0pct\summary.csv,completed,0,455.75,"{
  ""video_name"": ""archive_popeye_512kb"",
  ""policy_name"": ""heuristic_frame_aware"",
  ""bandwidth_mbps"": 3.0,
  ""repeat_count"": 1,
  ""output_directory"": ""/mnt/c/git/network/output/mininet_actual_experiment/archive_popeye_512kb/heuristic_frame_aware/3mbps_rtt50ms_loss0pct"",
  ""summary_csv"": ""/mnt/c/git/network/output/mininet_actual_experiment/archive_popeye_512kb/heuristic_frame_aware/3mbps_rtt50ms_loss0pct/summary.csv""
}
","2026-05-18 11:28:55,980 INFO __main__ - Starting repeat 1/1 for video=archive_popeye_512kb policy=heuristic_frame_aware bandwidth=3.0 Mbps
"
archive_popeye_512kb,heuristic_frame_aware,3.0,50.0,1.0,14,243,output\mininet_actual_experiment\archive_popeye_512kb\heuristic_frame_aware\3mbps_rtt50ms_loss1pct,output\mininet_actual_experiment\archive_popeye_512kb\heuristic_frame_aware\3mbps_rtt50ms_loss1pct\summary.csv,completed,0,456.485,"{
  ""video_name"": ""archive_popeye_512kb"",
  ""policy_name"": ""heuristic_frame_aware"",
  ""bandwidth_mbps"": 3.0,
  ""repeat_count"": 1,
  ""output_directory"": ""/mnt/c/git/network/output/mininet_actual_experiment/archive_popeye_512kb/heuristic_frame_aware/3mbps_rtt50ms_loss1pct"",
  ""summary_csv"": ""/mnt/c/git/network/output/mininet_actual_experiment/archive_popeye_512kb/heuristic_frame_aware/3mbps_rtt50ms_loss1pct/summary.csv""
}
","2026-05-18 11:36:32,715 INFO __main__ - Starting repeat 1/1 for video=archive_popeye_512kb policy=heuristic_frame_aware bandwidth=3.0 Mbps
"
archive_popeye_512kb,heuristic_frame_aware,3.0,50.0,3.0,15,243,output\mininet_actual_experiment\archive_popeye_512kb\heuristic_frame_aware\3mbps_rtt50ms_loss3pct,output\mininet_actual_experiment\archive_popeye_512kb\heuristic_frame_aware\3mbps_rtt50ms_loss3pct\summary.csv,completed,0,487.593,"{
  ""video_name"": ""archive_popeye_512kb"",
  ""policy_name"": ""heuristic_frame_aware"",
  ""bandwidth_mbps"": 3.0,
  ""repeat_count"": 1,
  ""output_directory"": ""/mnt/c/git/network/output/mininet_actual_experiment/archive_popeye_512kb/heuristic_frame_aware/3mbps_rtt50ms_loss3pct"",
  ""summary_csv"": ""/mnt/c/git/network/output/mininet_actual_experiment/archive_popeye_512kb/heuristic_frame_aware/3mbps_rtt50ms_loss3pct/summary.csv""
}
","2026-05-18 11:44:10,107 INFO __main__ - Starting repeat 1/1 for video=archive_popeye_512kb policy=heuristic_frame_aware bandwidth=3.0 Mbps
"
archive_popeye_512kb,heuristic_frame_aware,3.0,100.0,0.0,16,243,output\mininet_actual_experiment\archive_popeye_512kb\heuristic_frame_aware\3mbps_rtt100ms_loss0pct,output\mininet_actual_experiment\archive_popeye_512kb\heuristic_frame_aware\3mbps_rtt100ms_loss0pct\summary.csv,completed,0,454.532,"{
  ""video_name"": ""archive_popeye_512kb"",
  ""policy_name"": ""heuristic_frame_aware"",
  ""bandwidth_mbps"": 3.0,
  ""repeat_count"": 1,
  ""output_directory"": ""/mnt/c/git/network/output/mininet_actual_experiment/archive_popeye_512kb/heuristic_frame_aware/3mbps_rtt100ms_loss0pct"",
  ""summary_csv"": ""/mnt/c/git/network/output/mininet_actual_experiment/archive_popeye_512kb/heuristic_frame_aware/3mbps_rtt100ms_loss0pct/summary.csv""
}
","2026-05-18 11:52:15,593 INFO __main__ - Starting repeat 1/1 for video=archive_popeye_512kb policy=heuristic_frame_aware bandwidth=3.0 Mbps
"
archive_popeye_512kb,heuristic_frame_aware,3.0,100.0,1.0,17,243,output\mininet_actual_experiment\archive_popeye_512kb\heuristic_frame_aware\3mbps_rtt100ms_loss1pct,output\mininet_actual_experiment\archive_popeye_512kb\heuristic_frame_aware\3mbps_rtt100ms_loss1pct\summary.csv,completed,0,459.375,"{
  ""video_name"": ""archive_popeye_512kb"",
  ""policy_name"": ""heuristic_frame_aware"",
  ""bandwidth_mbps"": 3.0,
  ""repeat_count"": 1,
  ""output_directory"": ""/mnt/c/git/network/output/mininet_actual_experiment/archive_popeye_512kb/heuristic_frame_aware/3mbps_rtt100ms_loss1pct"",
  ""summary_csv"": ""/mnt/c/git/network/output/mininet_actual_experiment/archive_popeye_512kb/heuristic_frame_aware/3mbps_rtt100ms_loss1pct/summary.csv""
}
","2026-05-18 11:59:50,951 INFO __main__ - Starting repeat 1/1 for video=archive_popeye_512kb policy=heuristic_frame_aware bandwidth=3.0 Mbps
"
archive_popeye_512kb,heuristic_frame_aware,3.0,100.0,3.0,18,243,output\mininet_actual_experiment\archive_popeye_512kb\heuristic_frame_aware\3mbps_rtt100ms_loss3pct,output\mininet_actual_experiment\archive_popeye_512kb\heuristic_frame_aware\3mbps_rtt100ms_loss3pct\summary.csv,completed,0,825.187,"{
  ""video_name"": ""archive_popeye_512kb"",
  ""policy_name"": ""heuristic_frame_aware"",
  ""bandwidth_mbps"": 3.0,
  ""repeat_count"": 1,
  ""output_directory"": ""/mnt/c/git/network/output/mininet_actual_experiment/archive_popeye_512kb/heuristic_frame_aware/3mbps_rtt100ms_loss3pct"",
  ""summary_csv"": ""/mnt/c/git/network/output/mininet_actual_experiment/archive_popeye_512kb/heuristic_frame_aware/3mbps_rtt100ms_loss3pct/summary.csv""
}
","2026-05-18 12:07:30,956 INFO __main__ - Starting repeat 1/1 for video=archive_popeye_512kb policy=heuristic_frame_aware bandwidth=3.0 Mbps
"
archive_popeye_512kb,heuristic_frame_aware,10.0,10.0,0.0,19,243,output\mininet_actual_experiment\archive_popeye_512kb\heuristic_frame_aware\10mbps,output\mininet_actual_experiment\archive_popeye_512kb\heuristic_frame_aware\10mbps\summary.csv,completed,0,452.047,"{
  ""video_name"": ""archive_popeye_512kb"",
  ""policy_name"": ""heuristic_frame_aware"",
  ""bandwidth_mbps"": 10.0,
  ""repeat_count"": 1,
  ""output_directory"": ""/mnt/c/git/network/output/mininet_actual_experiment/archive_popeye_512kb/heuristic_frame_aware/10mbps"",
  ""summary_csv"": ""/mnt/c/git/network/output/mininet_actual_experiment/archive_popeye_512kb/heuristic_frame_aware/10mbps/summary.csv""
}
","2026-05-18 12:21:16,147 INFO __main__ - Starting repeat 1/1 for video=archive_popeye_512kb policy=heuristic_frame_aware bandwidth=10.0 Mbps
"
archive_popeye_512kb,heuristic_frame_aware,10.0,10.0,1.0,20,243,output\mininet_actual_experiment\archive_popeye_512kb\heuristic_frame_aware\10mbps_rtt10ms_loss1pct,output\mininet_actual_experiment\archive_popeye_512kb\heuristic_frame_aware\10mbps_rtt10ms_loss1pct\summary.csv,completed,0,451.875,"{
  ""video_name"": ""archive_popeye_512kb"",
  ""policy_name"": ""heuristic_frame_aware"",
  ""bandwidth_mbps"": 10.0,
  ""repeat_count"": 1,
  ""output_directory"": ""/mnt/c/git/network/output/mininet_actual_experiment/archive_popeye_512kb/heuristic_frame_aware/10mbps_rtt10ms_loss1pct"",
  ""summary_csv"": ""/mnt/c/git/network/output/mininet_actual_experiment/archive_popeye_512kb/heuristic_frame_aware/10mbps_rtt10ms_loss1pct/summary.csv""
}
","2026-05-18 12:28:49,643 INFO __main__ - Starting repeat 1/1 for video=archive_popeye_512kb policy=heuristic_frame_aware bandwidth=10.0 Mbps
"
archive_popeye_512kb,heuristic_frame_aware,10.0,10.0,3.0,21,243,output\mininet_actual_experiment\archive_popeye_512kb\heuristic_frame_aware\10mbps_rtt10ms_loss3pct,output\mininet_actual_experiment\archive_popeye_512kb\heuristic_frame_aware\10mbps_rtt10ms_loss3pct\summary.csv,completed,0,452.063,"{
  ""video_name"": ""archive_popeye_512kb"",
  ""policy_name"": ""heuristic_frame_aware"",
  ""bandwidth_mbps"": 10.0,
  ""repeat_count"": 1,
  ""output_directory"": ""/mnt/c/git/network/output/mininet_actual_experiment/archive_popeye_512kb/heuristic_frame_aware/10mbps_rtt10ms_loss3pct"",
  ""summary_csv"": ""/mnt/c/git/network/output/mininet_actual_experiment/archive_popeye_512kb/heuristic_frame_aware/10mbps_rtt10ms_loss3pct/summary.csv""
}
","2026-05-18 12:36:19,336 INFO __main__ - Starting repeat 1/1 for video=archive_popeye_512kb policy=heuristic_frame_aware bandwidth=10.0 Mbps
"
archive_popeye_512kb,heuristic_frame_aware,10.0,50.0,0.0,22,243,output\mininet_actual_experiment\archive_popeye_512kb\heuristic_frame_aware\10mbps_rtt50ms_loss0pct,output\mininet_actual_experiment\archive_popeye_512kb\heuristic_frame_aware\10mbps_rtt50ms_loss0pct\summary.csv,completed,0,451.562,"{
  ""video_name"": ""archive_popeye_512kb"",
  ""policy_name"": ""heuristic_frame_aware"",
  ""bandwidth_mbps"": 10.0,
  ""repeat_count"": 1,
  ""output_directory"": ""/mnt/c/git/network/output/mininet_actual_experiment/archive_popeye_512kb/heuristic_frame_aware/10mbps_rtt50ms_loss0pct"",
  ""summary_csv"": ""/mnt/c/git/network/output/mininet_actual_experiment/archive_popeye_512kb/heuristic_frame_aware/10mbps_rtt50ms_loss0pct/summary.csv""
}
","2026-05-18 12:43:52,645 INFO __main__ - Starting repeat 1/1 for video=archive_popeye_512kb policy=heuristic_frame_aware bandwidth=10.0 Mbps
"
archive_popeye_512kb,heuristic_frame_aware,10.0,50.0,1.0,23,243,output\mininet_actual_experiment\archive_popeye_512kb\heuristic_frame_aware\10mbps_rtt50ms_loss1pct,output\mininet_actual_experiment\archive_popeye_512kb\heuristic_frame_aware\10mbps_rtt50ms_loss1pct\summary.csv,completed,0,451.391,"{
  ""video_name"": ""archive_popeye_512kb"",
  ""policy_name"": ""heuristic_frame_aware"",
  ""bandwidth_mbps"": 10.0,
  ""repeat_count"": 1,
  ""output_directory"": ""/mnt/c/git/network/output/mininet_actual_experiment/archive_popeye_512kb/heuristic_frame_aware/10mbps_rtt50ms_loss1pct"",
  ""summary_csv"": ""/mnt/c/git/network/output/mininet_actual_experiment/archive_popeye_512kb/heuristic_frame_aware/10mbps_rtt50ms_loss1pct/summary.csv""
}
","2026-05-18 12:51:22,186 INFO __main__ - Starting repeat 1/1 for video=archive_popeye_512kb policy=heuristic_frame_aware bandwidth=10.0 Mbps
"
archive_popeye_512kb,heuristic_frame_aware,10.0,50.0,3.0,24,243,output\mininet_actual_experiment\archive_popeye_512kb\heuristic_frame_aware\10mbps_rtt50ms_loss3pct,output\mininet_actual_experiment\archive_popeye_512kb\heuristic_frame_aware\10mbps_rtt50ms_loss3pct\summary.csv,completed,0,460.109,"{
  ""video_name"": ""archive_popeye_512kb"",
  ""policy_name"": ""heuristic_frame_aware"",
  ""bandwidth_mbps"": 10.0,
  ""repeat_count"": 1,
  ""output_directory"": ""/mnt/c/git/network/output/mininet_actual_experiment/archive_popeye_512kb/heuristic_frame_aware/10mbps_rtt50ms_loss3pct"",
  ""summary_csv"": ""/mnt/c/git/network/output/mininet_actual_experiment/archive_popeye_512kb/heuristic_frame_aware/10mbps_rtt50ms_loss3pct/summary.csv""
}
","2026-05-18 12:58:55,124 INFO __main__ - Starting repeat 1/1 for video=archive_popeye_512kb policy=heuristic_frame_aware bandwidth=10.0 Mbps
"
archive_popeye_512kb,heuristic_frame_aware,10.0,100.0,0.0,25,243,output\mininet_actual_experiment\archive_popeye_512kb\heuristic_frame_aware\10mbps_rtt100ms_loss0pct,output\mininet_actual_experiment\archive_popeye_512kb\heuristic_frame_aware\10mbps_rtt100ms_loss0pct\summary.csv,completed,0,451.86,"{
  ""video_name"": ""archive_popeye_512kb"",
  ""policy_name"": ""heuristic_frame_aware"",
  ""bandwidth_mbps"": 10.0,
  ""repeat_count"": 1,
  ""output_directory"": ""/mnt/c/git/network/output/mininet_actual_experiment/archive_popeye_512kb/heuristic_frame_aware/10mbps_rtt100ms_loss0pct"",
  ""summary_csv"": ""/mnt/c/git/network/output/mininet_actual_experiment/archive_popeye_512kb/heuristic_frame_aware/10mbps_rtt100ms_loss0pct/summary.csv""
}
","2026-05-18 13:06:35,393 INFO __main__ - Starting repeat 1/1 for video=archive_popeye_512kb policy=heuristic_frame_aware bandwidth=10.0 Mbps
"
archive_popeye_512kb,heuristic_frame_aware,10.0,100.0,1.0,26,243,output\mininet_actual_experiment\archive_popeye_512kb\heuristic_frame_aware\10mbps_rtt100ms_loss1pct,output\mininet_actual_experiment\archive_popeye_512kb\heuristic_frame_aware\10mbps_rtt100ms_loss1pct\summary.csv,completed,0,450.719,"{
  ""video_name"": ""archive_popeye_512kb"",
  ""policy_name"": ""heuristic_frame_aware"",
  ""bandwidth_mbps"": 10.0,
  ""repeat_count"": 1,
  ""output_directory"": ""/mnt/c/git/network/output/mininet_actual_experiment/archive_popeye_512kb/heuristic_frame_aware/10mbps_rtt100ms_loss1pct"",
  ""summary_csv"": ""/mnt/c/git/network/output/mininet_actual_experiment/archive_popeye_512kb/heuristic_frame_aware/10mbps_rtt100ms_loss1pct/summary.csv""
}
","2026-05-18 13:14:05,302 INFO __main__ - Starting repeat 1/1 for video=archive_popeye_512kb policy=heuristic_frame_aware bandwidth=10.0 Mbps
"
archive_popeye_512kb,heuristic_frame_aware,10.0,100.0,3.0,27,243,output\mininet_actual_experiment\archive_popeye_512kb\heuristic_frame_aware\10mbps_rtt100ms_loss3pct,output\mininet_actual_experiment\archive_popeye_512kb\heuristic_frame_aware\10mbps_rtt100ms_loss3pct\summary.csv,completed,0,813.125,"{
  ""video_name"": ""archive_popeye_512kb"",
  ""policy_name"": ""heuristic_frame_aware"",
  ""bandwidth_mbps"": 10.0,
  ""repeat_count"": 1,
  ""output_directory"": ""/mnt/c/git/network/output/mininet_actual_experiment/archive_popeye_512kb/heuristic_frame_aware/10mbps_rtt100ms_loss3pct"",
  ""summary_csv"": ""/mnt/c/git/network/output/mininet_actual_experiment/archive_popeye_512kb/heuristic_frame_aware/10mbps_rtt100ms_loss3pct/summary.csv""
}
","2026-05-18 13:21:37,431 INFO __main__ - Starting repeat 1/1 for video=archive_popeye_512kb policy=heuristic_frame_aware bandwidth=10.0 Mbps
"
archive_popeye_512kb,frame_action_single_path,0.5,10.0,0.0,28,243,output\mininet_actual_experiment\archive_popeye_512kb\frame_action_single_path\0p5mbps,output\mininet_actual_experiment\archive_popeye_512kb\frame_action_single_path\0p5mbps\summary.csv,completed,0,473.391,"{
  ""video_name"": ""archive_popeye_512kb"",
  ""policy_name"": ""frame_action_single_path"",
  ""bandwidth_mbps"": 0.5,
  ""repeat_count"": 1,
  ""output_directory"": ""/mnt/c/git/network/output/mininet_actual_experiment/archive_popeye_512kb/frame_action_single_path/0p5mbps"",
  ""summary_csv"": ""/mnt/c/git/network/output/mininet_actual_experiment/archive_popeye_512kb/frame_action_single_path/0p5mbps/summary.csv""
}
","2026-05-18 13:35:11,553 INFO __main__ - Starting repeat 1/1 for video=archive_popeye_512kb policy=frame_action_single_path bandwidth=0.5 Mbps
"
archive_popeye_512kb,frame_action_single_path,0.5,10.0,1.0,29,243,output\mininet_actual_experiment\archive_popeye_512kb\frame_action_single_path\0p5mbps_rtt10ms_loss1pct,output\mininet_actual_experiment\archive_popeye_512kb\frame_action_single_path\0p5mbps_rtt10ms_loss1pct\summary.csv,completed,0,487.531,"{
  ""video_name"": ""archive_popeye_512kb"",
  ""policy_name"": ""frame_action_single_path"",
  ""bandwidth_mbps"": 0.5,
  ""repeat_count"": 1,
  ""output_directory"": ""/mnt/c/git/network/output/mininet_actual_experiment/archive_popeye_512kb/frame_action_single_path/0p5mbps_rtt10ms_loss1pct"",
  ""summary_csv"": ""/mnt/c/git/network/output/mininet_actual_experiment/archive_popeye_512kb/frame_action_single_path/0p5mbps_rtt10ms_loss1pct/summary.csv""
}
","2026-05-18 13:43:04,193 INFO __main__ - Starting repeat 1/1 for video=archive_popeye_512kb policy=frame_action_single_path bandwidth=0.5 Mbps
"
archive_popeye_512kb,frame_action_single_path,0.5,10.0,3.0,30,243,output\mininet_actual_experiment\archive_popeye_512kb\frame_action_single_path\0p5mbps_rtt10ms_loss3pct,output\mininet_actual_experiment\archive_popeye_512kb\frame_action_single_path\0p5mbps_rtt10ms_loss3pct\summary.csv,completed,0,499.282,"{
  ""video_name"": ""archive_popeye_512kb"",
  ""policy_name"": ""frame_action_single_path"",
  ""bandwidth_mbps"": 0.5,
  ""repeat_count"": 1,
  ""output_directory"": ""/mnt/c/git/network/output/mininet_actual_experiment/archive_popeye_512kb/frame_action_single_path/0p5mbps_rtt10ms_loss3pct"",
  ""summary_csv"": ""/mnt/c/git/network/output/mininet_actual_experiment/archive_popeye_512kb/frame_action_single_path/0p5mbps_rtt10ms_loss3pct/summary.csv""
}
","2026-05-18 13:51:13,095 INFO __main__ - Starting repeat 1/1 for video=archive_popeye_512kb policy=frame_action_single_path bandwidth=0.5 Mbps
"
archive_popeye_512kb,frame_action_single_path,0.5,50.0,0.0,31,243,output\mininet_actual_experiment\archive_popeye_512kb\frame_action_single_path\0p5mbps_rtt50ms_loss0pct,output\mininet_actual_experiment\archive_popeye_512kb\frame_action_single_path\0p5mbps_rtt50ms_loss0pct\summary.csv,completed,0,488.859,"{
  ""video_name"": ""archive_popeye_512kb"",
  ""policy_name"": ""frame_action_single_path"",
  ""bandwidth_mbps"": 0.5,
  ""repeat_count"": 1,
  ""output_directory"": ""/mnt/c/git/network/output/mininet_actual_experiment/archive_popeye_512kb/frame_action_single_path/0p5mbps_rtt50ms_loss0pct"",
  ""summary_csv"": ""/mnt/c/git/network/output/mininet_actual_experiment/archive_popeye_512kb/frame_action_single_path/0p5mbps_rtt50ms_loss0pct/summary.csv""
}
","2026-05-18 13:59:29,436 INFO __main__ - Starting repeat 1/1 for video=archive_popeye_512kb policy=frame_action_single_path bandwidth=0.5 Mbps
"
archive_popeye_512kb,frame_action_single_path,0.5,50.0,1.0,32,243,output\mininet_actual_experiment\archive_popeye_512kb\frame_action_single_path\0p5mbps_rtt50ms_loss1pct,output\mininet_actual_experiment\archive_popeye_512kb\frame_action_single_path\0p5mbps_rtt50ms_loss1pct\summary.csv,completed,0,488.125,"{
  ""video_name"": ""archive_popeye_512kb"",
  ""policy_name"": ""frame_action_single_path"",
  ""bandwidth_mbps"": 0.5,
  ""repeat_count"": 1,
  ""output_directory"": ""/mnt/c/git/network/output/mininet_actual_experiment/archive_popeye_512kb/frame_action_single_path/0p5mbps_rtt50ms_loss1pct"",
  ""summary_csv"": ""/mnt/c/git/network/output/mininet_actual_experiment/archive_popeye_512kb/frame_action_single_path/0p5mbps_rtt50ms_loss1pct/summary.csv""
}
","2026-05-18 14:07:39,460 INFO __main__ - Starting repeat 1/1 for video=archive_popeye_512kb policy=frame_action_single_path bandwidth=0.5 Mbps
"
archive_popeye_512kb,frame_action_single_path,0.5,50.0,3.0,33,243,output\mininet_actual_experiment\archive_popeye_512kb\frame_action_single_path\0p5mbps_rtt50ms_loss3pct,output\mininet_actual_experiment\archive_popeye_512kb\frame_action_single_path\0p5mbps_rtt50ms_loss3pct\summary.csv,completed,0,565.703,"{
  ""video_name"": ""archive_popeye_512kb"",
  ""policy_name"": ""frame_action_single_path"",
  ""bandwidth_mbps"": 0.5,
  ""repeat_count"": 1,
  ""output_directory"": ""/mnt/c/git/network/output/mininet_actual_experiment/archive_popeye_512kb/frame_action_single_path/0p5mbps_rtt50ms_loss3pct"",
  ""summary_csv"": ""/mnt/c/git/network/output/mininet_actual_experiment/archive_popeye_512kb/frame_action_single_path/0p5mbps_rtt50ms_loss3pct/summary.csv""
}
","2026-05-18 14:15:48,619 INFO __main__ - Starting repeat 1/1 for video=archive_popeye_512kb policy=frame_action_single_path bandwidth=0.5 Mbps
"
archive_popeye_512kb,frame_action_single_path,0.5,100.0,0.0,34,243,output\mininet_actual_experiment\archive_popeye_512kb\frame_action_single_path\0p5mbps_rtt100ms_loss0pct,output\mininet_actual_experiment\archive_popeye_512kb\frame_action_single_path\0p5mbps_rtt100ms_loss0pct\summary.csv,completed,0,490.516,"{
  ""video_name"": ""archive_popeye_512kb"",
  ""policy_name"": ""frame_action_single_path"",
  ""bandwidth_mbps"": 0.5,
  ""repeat_count"": 1,
  ""output_directory"": ""/mnt/c/git/network/output/mininet_actual_experiment/archive_popeye_512kb/frame_action_single_path/0p5mbps_rtt100ms_loss0pct"",
  ""summary_csv"": ""/mnt/c/git/network/output/mininet_actual_experiment/archive_popeye_512kb/frame_action_single_path/0p5mbps_rtt100ms_loss0pct/summary.csv""
}
","2026-05-18 14:25:15,482 INFO __main__ - Starting repeat 1/1 for video=archive_popeye_512kb policy=frame_action_single_path bandwidth=0.5 Mbps
"
archive_popeye_512kb,frame_action_single_path,0.5,100.0,1.0,35,243,output\mininet_actual_experiment\archive_popeye_512kb\frame_action_single_path\0p5mbps_rtt100ms_loss1pct,output\mininet_actual_experiment\archive_popeye_512kb\frame_action_single_path\0p5mbps_rtt100ms_loss1pct\summary.csv,completed,0,496.468,"{
  ""video_name"": ""archive_popeye_512kb"",
  ""policy_name"": ""frame_action_single_path"",
  ""bandwidth_mbps"": 0.5,
  ""repeat_count"": 1,
  ""output_directory"": ""/mnt/c/git/network/output/mininet_actual_experiment/archive_popeye_512kb/frame_action_single_path/0p5mbps_rtt100ms_loss1pct"",
  ""summary_csv"": ""/mnt/c/git/network/output/mininet_actual_experiment/archive_popeye_512kb/frame_action_single_path/0p5mbps_rtt100ms_loss1pct/summary.csv""
}
","2026-05-18 14:33:24,039 INFO __main__ - Starting repeat 1/1 for video=archive_popeye_512kb policy=frame_action_single_path bandwidth=0.5 Mbps
"
archive_popeye_512kb,frame_action_single_path,0.5,100.0,3.0,36,243,output\mininet_actual_experiment\archive_popeye_512kb\frame_action_single_path\0p5mbps_rtt100ms_loss3pct,output\mininet_actual_experiment\archive_popeye_512kb\frame_action_single_path\0p5mbps_rtt100ms_loss3pct\summary.csv,completed,0,799.516,"{
  ""video_name"": ""archive_popeye_512kb"",
  ""policy_name"": ""frame_action_single_path"",
  ""bandwidth_mbps"": 0.5,
  ""repeat_count"": 1,
  ""output_directory"": ""/mnt/c/git/network/output/mininet_actual_experiment/archive_popeye_512kb/frame_action_single_path/0p5mbps_rtt100ms_loss3pct"",
  ""summary_csv"": ""/mnt/c/git/network/output/mininet_actual_experiment/archive_popeye_512kb/frame_action_single_path/0p5mbps_rtt100ms_loss3pct/summary.csv""
}
","2026-05-18 14:41:40,258 INFO __main__ - Starting repeat 1/1 for video=archive_popeye_512kb policy=frame_action_single_path bandwidth=0.5 Mbps
"
archive_popeye_512kb,frame_action_single_path,3.0,10.0,0.0,37,243,output\mininet_actual_experiment\archive_popeye_512kb\frame_action_single_path\3mbps,output\mininet_actual_experiment\archive_popeye_512kb\frame_action_single_path\3mbps\summary.csv,completed,0,450.5,"{
  ""video_name"": ""archive_popeye_512kb"",
  ""policy_name"": ""frame_action_single_path"",
  ""bandwidth_mbps"": 3.0,
  ""repeat_count"": 1,
  ""output_directory"": ""/mnt/c/git/network/output/mininet_actual_experiment/archive_popeye_512kb/frame_action_single_path/3mbps"",
  ""summary_csv"": ""/mnt/c/git/network/output/mininet_actual_experiment/archive_popeye_512kb/frame_action_single_path/3mbps/summary.csv""
}
","2026-05-18 14:54:58,879 INFO __main__ - Starting repeat 1/1 for video=archive_popeye_512kb policy=frame_action_single_path bandwidth=3.0 Mbps
"
archive_popeye_512kb,frame_action_single_path,3.0,10.0,1.0,38,243,output\mininet_actual_experiment\archive_popeye_512kb\frame_action_single_path\3mbps_rtt10ms_loss1pct,output\mininet_actual_experiment\archive_popeye_512kb\frame_action_single_path\3mbps_rtt10ms_loss1pct\summary.csv,completed,0,449.969,"{
  ""video_name"": ""archive_popeye_512kb"",
  ""policy_name"": ""frame_action_single_path"",
  ""bandwidth_mbps"": 3.0,
  ""repeat_count"": 1,
  ""output_directory"": ""/mnt/c/git/network/output/mininet_actual_experiment/archive_popeye_512kb/frame_action_single_path/3mbps_rtt10ms_loss1pct"",
  ""summary_csv"": ""/mnt/c/git/network/output/mininet_actual_experiment/archive_popeye_512kb/frame_action_single_path/3mbps_rtt10ms_loss1pct/summary.csv""
}
","2026-05-18 15:02:30,567 INFO __main__ - Starting repeat 1/1 for video=archive_popeye_512kb policy=frame_action_single_path bandwidth=3.0 Mbps
"
archive_popeye_512kb,frame_action_single_path,3.0,10.0,3.0,39,243,output\mininet_actual_experiment\archive_popeye_512kb\frame_action_single_path\3mbps_rtt10ms_loss3pct,output\mininet_actual_experiment\archive_popeye_512kb\frame_action_single_path\3mbps_rtt10ms_loss3pct\summary.csv,completed,0,448.922,"{
  ""video_name"": ""archive_popeye_512kb"",
  ""policy_name"": ""frame_action_single_path"",
  ""bandwidth_mbps"": 3.0,
  ""repeat_count"": 1,
  ""output_directory"": ""/mnt/c/git/network/output/mininet_actual_experiment/archive_popeye_512kb/frame_action_single_path/3mbps_rtt10ms_loss3pct"",
  ""summary_csv"": ""/mnt/c/git/network/output/mininet_actual_experiment/archive_popeye_512kb/frame_action_single_path/3mbps_rtt10ms_loss3pct/summary.csv""
}
","2026-05-18 15:10:02,141 INFO __main__ - Starting repeat 1/1 for video=archive_popeye_512kb policy=frame_action_single_path bandwidth=3.0 Mbps
"
archive_popeye_512kb,frame_action_single_path,3.0,50.0,0.0,40,243,output\mininet_actual_experiment\archive_popeye_512kb\frame_action_single_path\3mbps_rtt50ms_loss0pct,output\mininet_actual_experiment\archive_popeye_512kb\frame_action_single_path\3mbps_rtt50ms_loss0pct\summary.csv,completed,0,448.953,"{
  ""video_name"": ""archive_popeye_512kb"",
  ""policy_name"": ""frame_action_single_path"",
  ""bandwidth_mbps"": 3.0,
  ""repeat_count"": 1,
  ""output_directory"": ""/mnt/c/git/network/output/mininet_actual_experiment/archive_popeye_512kb/frame_action_single_path/3mbps_rtt50ms_loss0pct"",
  ""summary_csv"": ""/mnt/c/git/network/output/mininet_actual_experiment/archive_popeye_512kb/frame_action_single_path/3mbps_rtt50ms_loss0pct/summary.csv""
}
","2026-05-18 15:17:29,205 INFO __main__ - Starting repeat 1/1 for video=archive_popeye_512kb policy=frame_action_single_path bandwidth=3.0 Mbps
"
archive_popeye_512kb,frame_action_single_path,3.0,50.0,1.0,41,243,output\mininet_actual_experiment\archive_popeye_512kb\frame_action_single_path\3mbps_rtt50ms_loss1pct,output\mininet_actual_experiment\archive_popeye_512kb\frame_action_single_path\3mbps_rtt50ms_loss1pct\summary.csv,completed,0,450.047,"{
  ""video_name"": ""archive_popeye_512kb"",
  ""policy_name"": ""frame_action_single_path"",
  ""bandwidth_mbps"": 3.0,
  ""repeat_count"": 1,
  ""output_directory"": ""/mnt/c/git/network/output/mininet_actual_experiment/archive_popeye_512kb/frame_action_single_path/3mbps_rtt50ms_loss1pct"",
  ""summary_csv"": ""/mnt/c/git/network/output/mininet_actual_experiment/archive_popeye_512kb/frame_action_single_path/3mbps_rtt50ms_loss1pct/summary.csv""
}
","2026-05-18 15:24:59,804 INFO __main__ - Starting repeat 1/1 for video=archive_popeye_512kb policy=frame_action_single_path bandwidth=3.0 Mbps
"
archive_popeye_512kb,frame_action_single_path,3.0,50.0,3.0,42,243,output\mininet_actual_experiment\archive_popeye_512kb\frame_action_single_path\3mbps_rtt50ms_loss3pct,output\mininet_actual_experiment\archive_popeye_512kb\frame_action_single_path\3mbps_rtt50ms_loss3pct\summary.csv,completed,0,467.828,"{
  ""video_name"": ""archive_popeye_512kb"",
  ""policy_name"": ""frame_action_single_path"",
  ""bandwidth_mbps"": 3.0,
  ""repeat_count"": 1,
  ""output_directory"": ""/mnt/c/git/network/output/mininet_actual_experiment/archive_popeye_512kb/frame_action_single_path/3mbps_rtt50ms_loss3pct"",
  ""summary_csv"": ""/mnt/c/git/network/output/mininet_actual_experiment/archive_popeye_512kb/frame_action_single_path/3mbps_rtt50ms_loss3pct/summary.csv""
}
","2026-05-18 15:32:27,805 INFO __main__ - Starting repeat 1/1 for video=archive_popeye_512kb policy=frame_action_single_path bandwidth=3.0 Mbps
"
archive_popeye_512kb,frame_action_single_path,3.0,100.0,0.0,43,243,output\mininet_actual_experiment\archive_popeye_512kb\frame_action_single_path\3mbps_rtt100ms_loss0pct,output\mininet_actual_experiment\archive_popeye_512kb\frame_action_single_path\3mbps_rtt100ms_loss0pct\summary.csv,completed,0,460.828,"{
  ""video_name"": ""archive_popeye_512kb"",
  ""policy_name"": ""frame_action_single_path"",
  ""bandwidth_mbps"": 3.0,
  ""repeat_count"": 1,
  ""output_directory"": ""/mnt/c/git/network/output/mininet_actual_experiment/archive_popeye_512kb/frame_action_single_path/3mbps_rtt100ms_loss0pct"",
  ""summary_csv"": ""/mnt/c/git/network/output/mininet_actual_experiment/archive_popeye_512kb/frame_action_single_path/3mbps_rtt100ms_loss0pct/summary.csv""
}
","2026-05-18 15:40:17,580 INFO __main__ - Starting repeat 1/1 for video=archive_popeye_512kb policy=frame_action_single_path bandwidth=3.0 Mbps
"
archive_popeye_512kb,frame_action_single_path,3.0,100.0,1.0,44,243,output\mininet_actual_experiment\archive_popeye_512kb\frame_action_single_path\3mbps_rtt100ms_loss1pct,output\mininet_actual_experiment\archive_popeye_512kb\frame_action_single_path\3mbps_rtt100ms_loss1pct\summary.csv,completed,0,452.187,"{
  ""video_name"": ""archive_popeye_512kb"",
  ""policy_name"": ""frame_action_single_path"",
  ""bandwidth_mbps"": 3.0,
  ""repeat_count"": 1,
  ""output_directory"": ""/mnt/c/git/network/output/mininet_actual_experiment/archive_popeye_512kb/frame_action_single_path/3mbps_rtt100ms_loss1pct"",
  ""summary_csv"": ""/mnt/c/git/network/output/mininet_actual_experiment/archive_popeye_512kb/frame_action_single_path/3mbps_rtt100ms_loss1pct/summary.csv""
}
","2026-05-18 15:47:58,663 INFO __main__ - Starting repeat 1/1 for video=archive_popeye_512kb policy=frame_action_single_path bandwidth=3.0 Mbps
"
archive_popeye_512kb,frame_action_single_path,3.0,100.0,3.0,45,243,output\mininet_actual_experiment\archive_popeye_512kb\frame_action_single_path\3mbps_rtt100ms_loss3pct,output\mininet_actual_experiment\archive_popeye_512kb\frame_action_single_path\3mbps_rtt100ms_loss3pct\summary.csv,completed,0,786.578,"{
  ""video_name"": ""archive_popeye_512kb"",
  ""policy_name"": ""frame_action_single_path"",
  ""bandwidth_mbps"": 3.0,
  ""repeat_count"": 1,
  ""output_directory"": ""/mnt/c/git/network/output/mininet_actual_experiment/archive_popeye_512kb/frame_action_single_path/3mbps_rtt100ms_loss3pct"",
  ""summary_csv"": ""/mnt/c/git/network/output/mininet_actual_experiment/archive_popeye_512kb/frame_action_single_path/3mbps_rtt100ms_loss3pct/summary.csv""
}
","2026-05-18 15:55:29,214 INFO __main__ - Starting repeat 1/1 for video=archive_popeye_512kb policy=frame_action_single_path bandwidth=3.0 Mbps
"
archive_popeye_512kb,frame_action_single_path,10.0,10.0,0.0,46,243,output\mininet_actual_experiment\archive_popeye_512kb\frame_action_single_path\10mbps,output\mininet_actual_experiment\archive_popeye_512kb\frame_action_single_path\10mbps\summary.csv,completed,0,451.89,"{
  ""video_name"": ""archive_popeye_512kb"",
  ""policy_name"": ""frame_action_single_path"",
  ""bandwidth_mbps"": 10.0,
  ""repeat_count"": 1,
  ""output_directory"": ""/mnt/c/git/network/output/mininet_actual_experiment/archive_popeye_512kb/frame_action_single_path/10mbps"",
  ""summary_csv"": ""/mnt/c/git/network/output/mininet_actual_experiment/archive_popeye_512kb/frame_action_single_path/10mbps/summary.csv""
}
","2026-05-18 16:08:35,385 INFO __main__ - Starting repeat 1/1 for video=archive_popeye_512kb policy=frame_action_single_path bandwidth=10.0 Mbps
"
archive_popeye_512kb,frame_action_single_path,10.0,10.0,1.0,47,243,output\mininet_actual_experiment\archive_popeye_512kb\frame_action_single_path\10mbps_rtt10ms_loss1pct,output\mininet_actual_experiment\archive_popeye_512kb\frame_action_single_path\10mbps_rtt10ms_loss1pct\summary.csv,completed,0,449.547,"{
  ""video_name"": ""archive_popeye_512kb"",
  ""policy_name"": ""frame_action_single_path"",
  ""bandwidth_mbps"": 10.0,
  ""repeat_count"": 1,
  ""output_directory"": ""/mnt/c/git/network/output/mininet_actual_experiment/archive_popeye_512kb/frame_action_single_path/10mbps_rtt10ms_loss1pct"",
  ""summary_csv"": ""/mnt/c/git/network/output/mininet_actual_experiment/archive_popeye_512kb/frame_action_single_path/10mbps_rtt10ms_loss1pct/summary.csv""
}
","2026-05-18 16:16:08,706 INFO __main__ - Starting repeat 1/1 for video=archive_popeye_512kb policy=frame_action_single_path bandwidth=10.0 Mbps
"
archive_popeye_512kb,frame_action_single_path,10.0,10.0,3.0,48,243,output\mininet_actual_experiment\archive_popeye_512kb\frame_action_single_path\10mbps_rtt10ms_loss3pct,output\mininet_actual_experiment\archive_popeye_512kb\frame_action_single_path\10mbps_rtt10ms_loss3pct\summary.csv,completed,0,449.219,"{
  ""video_name"": ""archive_popeye_512kb"",
  ""policy_name"": ""frame_action_single_path"",
  ""bandwidth_mbps"": 10.0,
  ""repeat_count"": 1,
  ""output_directory"": ""/mnt/c/git/network/output/mininet_actual_experiment/archive_popeye_512kb/frame_action_single_path/10mbps_rtt10ms_loss3pct"",
  ""summary_csv"": ""/mnt/c/git/network/output/mininet_actual_experiment/archive_popeye_512kb/frame_action_single_path/10mbps_rtt10ms_loss3pct/summary.csv""
}
","2026-05-18 16:23:36,104 INFO __main__ - Starting repeat 1/1 for video=archive_popeye_512kb policy=frame_action_single_path bandwidth=10.0 Mbps
"
archive_popeye_512kb,frame_action_single_path,10.0,50.0,0.0,49,243,output\mininet_actual_experiment\archive_popeye_512kb\frame_action_single_path\10mbps_rtt50ms_loss0pct,output\mininet_actual_experiment\archive_popeye_512kb\frame_action_single_path\10mbps_rtt50ms_loss0pct\summary.csv,completed,0,449.953,"{
  ""video_name"": ""archive_popeye_512kb"",
  ""policy_name"": ""frame_action_single_path"",
  ""bandwidth_mbps"": 10.0,
  ""repeat_count"": 1,
  ""output_directory"": ""/mnt/c/git/network/output/mininet_actual_experiment/archive_popeye_512kb/frame_action_single_path/10mbps_rtt50ms_loss0pct"",
  ""summary_csv"": ""/mnt/c/git/network/output/mininet_actual_experiment/archive_popeye_512kb/frame_action_single_path/10mbps_rtt50ms_loss0pct/summary.csv""
}
","2026-05-18 16:31:06,984 INFO __main__ - Starting repeat 1/1 for video=archive_popeye_512kb policy=frame_action_single_path bandwidth=10.0 Mbps
"
archive_popeye_512kb,frame_action_single_path,10.0,50.0,1.0,50,243,output\mininet_actual_experiment\archive_popeye_512kb\frame_action_single_path\10mbps_rtt50ms_loss1pct,output\mininet_actual_experiment\archive_popeye_512kb\frame_action_single_path\10mbps_rtt50ms_loss1pct\summary.csv,completed,0,449.343,"{
  ""video_name"": ""archive_popeye_512kb"",
  ""policy_name"": ""frame_action_single_path"",
  ""bandwidth_mbps"": 10.0,
  ""repeat_count"": 1,
  ""output_directory"": ""/mnt/c/git/network/output/mininet_actual_experiment/archive_popeye_512kb/frame_action_single_path/10mbps_rtt50ms_loss1pct"",
  ""summary_csv"": ""/mnt/c/git/network/output/mininet_actual_experiment/archive_popeye_512kb/frame_action_single_path/10mbps_rtt50ms_loss1pct/summary.csv""
}
","2026-05-18 16:38:35,058 INFO __main__ - Starting repeat 1/1 for video=archive_popeye_512kb policy=frame_action_single_path bandwidth=10.0 Mbps
"
archive_popeye_512kb,frame_action_single_path,10.0,50.0,3.0,51,243,output\mininet_actual_experiment\archive_popeye_512kb\frame_action_single_path\10mbps_rtt50ms_loss3pct,output\mininet_actual_experiment\archive_popeye_512kb\frame_action_single_path\10mbps_rtt50ms_loss3pct\summary.csv,completed,0,451.016,"{
  ""video_name"": ""archive_popeye_512kb"",
  ""policy_name"": ""frame_action_single_path"",
  ""bandwidth_mbps"": 10.0,
  ""repeat_count"": 1,
  ""output_directory"": ""/mnt/c/git/network/output/mininet_actual_experiment/archive_popeye_512kb/frame_action_single_path/10mbps_rtt50ms_loss3pct"",
  ""summary_csv"": ""/mnt/c/git/network/output/mininet_actual_experiment/archive_popeye_512kb/frame_action_single_path/10mbps_rtt50ms_loss3pct/summary.csv""
}
","2026-05-18 16:46:05,919 INFO __main__ - Starting repeat 1/1 for video=archive_popeye_512kb policy=frame_action_single_path bandwidth=10.0 Mbps
"
archive_popeye_512kb,frame_action_single_path,10.0,100.0,0.0,52,243,output\mininet_actual_experiment\archive_popeye_512kb\frame_action_single_path\10mbps_rtt100ms_loss0pct,output\mininet_actual_experiment\archive_popeye_512kb\frame_action_single_path\10mbps_rtt100ms_loss0pct\summary.csv,completed,0,448.515,"{
  ""video_name"": ""archive_popeye_512kb"",
  ""policy_name"": ""frame_action_single_path"",
  ""bandwidth_mbps"": 10.0,
  ""repeat_count"": 1,
  ""output_directory"": ""/mnt/c/git/network/output/mininet_actual_experiment/archive_popeye_512kb/frame_action_single_path/10mbps_rtt100ms_loss0pct"",
  ""summary_csv"": ""/mnt/c/git/network/output/mininet_actual_experiment/archive_popeye_512kb/frame_action_single_path/10mbps_rtt100ms_loss0pct/summary.csv""
}
","2026-05-18 16:53:38,373 INFO __main__ - Starting repeat 1/1 for video=archive_popeye_512kb policy=frame_action_single_path bandwidth=10.0 Mbps
"
archive_popeye_512kb,frame_action_single_path,10.0,100.0,1.0,53,243,output\mininet_actual_experiment\archive_popeye_512kb\frame_action_single_path\10mbps_rtt100ms_loss1pct,output\mininet_actual_experiment\archive_popeye_512kb\frame_action_single_path\10mbps_rtt100ms_loss1pct\summary.csv,completed,0,449.172,"{
  ""video_name"": ""archive_popeye_512kb"",
  ""policy_name"": ""frame_action_single_path"",
  ""bandwidth_mbps"": 10.0,
  ""repeat_count"": 1,
  ""output_directory"": ""/mnt/c/git/network/output/mininet_actual_experiment/archive_popeye_512kb/frame_action_single_path/10mbps_rtt100ms_loss1pct"",
  ""summary_csv"": ""/mnt/c/git/network/output/mininet_actual_experiment/archive_popeye_512kb/frame_action_single_path/10mbps_rtt100ms_loss1pct/summary.csv""
}
","2026-05-18 17:01:05,170 INFO __main__ - Starting repeat 1/1 for video=archive_popeye_512kb policy=frame_action_single_path bandwidth=10.0 Mbps
"
archive_popeye_512kb,frame_action_single_path,10.0,100.0,3.0,54,243,output\mininet_actual_experiment\archive_popeye_512kb\frame_action_single_path\10mbps_rtt100ms_loss3pct,output\mininet_actual_experiment\archive_popeye_512kb\frame_action_single_path\10mbps_rtt100ms_loss3pct\summary.csv,completed,0,755.312,"{
  ""video_name"": ""archive_popeye_512kb"",
  ""policy_name"": ""frame_action_single_path"",
  ""bandwidth_mbps"": 10.0,
  ""repeat_count"": 1,
  ""output_directory"": ""/mnt/c/git/network/output/mininet_actual_experiment/archive_popeye_512kb/frame_action_single_path/10mbps_rtt100ms_loss3pct"",
  ""summary_csv"": ""/mnt/c/git/network/output/mininet_actual_experiment/archive_popeye_512kb/frame_action_single_path/10mbps_rtt100ms_loss3pct/summary.csv""
}
","2026-05-18 17:08:35,871 INFO __main__ - Starting repeat 1/1 for video=archive_popeye_512kb policy=frame_action_single_path bandwidth=10.0 Mbps
"
archive_popeye_512kb,deadline_feasible_frame_action,0.5,10.0,0.0,55,243,output\mininet_actual_experiment\archive_popeye_512kb\deadline_feasible_frame_action\0p5mbps,output\mininet_actual_experiment\archive_popeye_512kb\deadline_feasible_frame_action\0p5mbps\summary.csv,completed,0,467.094,"{
  ""video_name"": ""archive_popeye_512kb"",
  ""policy_name"": ""deadline_feasible_frame_action"",
  ""bandwidth_mbps"": 0.5,
  ""repeat_count"": 1,
  ""output_directory"": ""/mnt/c/git/network/output/mininet_actual_experiment/archive_popeye_512kb/deadline_feasible_frame_action/0p5mbps"",
  ""summary_csv"": ""/mnt/c/git/network/output/mininet_actual_experiment/archive_popeye_512kb/deadline_feasible_frame_action/0p5mbps/summary.csv""
}
","2026-05-18 17:21:10,877 INFO __main__ - Starting repeat 1/1 for video=archive_popeye_512kb policy=deadline_feasible_frame_action bandwidth=0.5 Mbps
"
archive_popeye_512kb,deadline_feasible_frame_action,0.5,10.0,1.0,56,243,output\mininet_actual_experiment\archive_popeye_512kb\deadline_feasible_frame_action\0p5mbps_rtt10ms_loss1pct,output\mininet_actual_experiment\archive_popeye_512kb\deadline_feasible_frame_action\0p5mbps_rtt10ms_loss1pct\summary.csv,completed,0,468.031,"{
  ""video_name"": ""archive_popeye_512kb"",
  ""policy_name"": ""deadline_feasible_frame_action"",
  ""bandwidth_mbps"": 0.5,
  ""repeat_count"": 1,
  ""output_directory"": ""/mnt/c/git/network/output/mininet_actual_experiment/archive_popeye_512kb/deadline_feasible_frame_action/0p5mbps_rtt10ms_loss1pct"",
  ""summary_csv"": ""/mnt/c/git/network/output/mininet_actual_experiment/archive_popeye_512kb/deadline_feasible_frame_action/0p5mbps_rtt10ms_loss1pct/summary.csv""
}
","2026-05-18 17:28:58,134 INFO __main__ - Starting repeat 1/1 for video=archive_popeye_512kb policy=deadline_feasible_frame_action bandwidth=0.5 Mbps
"
archive_popeye_512kb,deadline_feasible_frame_action,0.5,10.0,3.0,57,243,output\mininet_actual_experiment\archive_popeye_512kb\deadline_feasible_frame_action\0p5mbps_rtt10ms_loss3pct,output\mininet_actual_experiment\archive_popeye_512kb\deadline_feasible_frame_action\0p5mbps_rtt10ms_loss3pct\summary.csv,completed,0,456.766,"{
  ""video_name"": ""archive_popeye_512kb"",
  ""policy_name"": ""deadline_feasible_frame_action"",
  ""bandwidth_mbps"": 0.5,
  ""repeat_count"": 1,
  ""output_directory"": ""/mnt/c/git/network/output/mininet_actual_experiment/archive_popeye_512kb/deadline_feasible_frame_action/0p5mbps_rtt10ms_loss3pct"",
  ""summary_csv"": ""/mnt/c/git/network/output/mininet_actual_experiment/archive_popeye_512kb/deadline_feasible_frame_action/0p5mbps_rtt10ms_loss3pct/summary.csv""
}
","2026-05-18 17:36:45,807 INFO __main__ - Starting repeat 1/1 for video=archive_popeye_512kb policy=deadline_feasible_frame_action bandwidth=0.5 Mbps
"
archive_popeye_512kb,deadline_feasible_frame_action,0.5,50.0,0.0,58,243,output\mininet_actual_experiment\archive_popeye_512kb\deadline_feasible_frame_action\0p5mbps_rtt50ms_loss0pct,output\mininet_actual_experiment\archive_popeye_512kb\deadline_feasible_frame_action\0p5mbps_rtt50ms_loss0pct\summary.csv,completed,0,449.843,"{
  ""video_name"": ""archive_popeye_512kb"",
  ""policy_name"": ""deadline_feasible_frame_action"",
  ""bandwidth_mbps"": 0.5,
  ""repeat_count"": 1,
  ""output_directory"": ""/mnt/c/git/network/output/mininet_actual_experiment/archive_popeye_512kb/deadline_feasible_frame_action/0p5mbps_rtt50ms_loss0pct"",
  ""summary_csv"": ""/mnt/c/git/network/output/mininet_actual_experiment/archive_popeye_512kb/deadline_feasible_frame_action/0p5mbps_rtt50ms_loss0pct/summary.csv""
}
","2026-05-18 17:44:19,771 INFO __main__ - Starting repeat 1/1 for video=archive_popeye_512kb policy=deadline_feasible_frame_action bandwidth=0.5 Mbps
"
archive_popeye_512kb,deadline_feasible_frame_action,0.5,50.0,1.0,59,243,output\mininet_actual_experiment\archive_popeye_512kb\deadline_feasible_frame_action\0p5mbps_rtt50ms_loss1pct,output\mininet_actual_experiment\archive_popeye_512kb\deadline_feasible_frame_action\0p5mbps_rtt50ms_loss1pct\summary.csv,completed,0,448.406,"{
  ""video_name"": ""archive_popeye_512kb"",
  ""policy_name"": ""deadline_feasible_frame_action"",
  ""bandwidth_mbps"": 0.5,
  ""repeat_count"": 1,
  ""output_directory"": ""/mnt/c/git/network/output/mininet_actual_experiment/archive_popeye_512kb/deadline_feasible_frame_action/0p5mbps_rtt50ms_loss1pct"",
  ""summary_csv"": ""/mnt/c/git/network/output/mininet_actual_experiment/archive_popeye_512kb/deadline_feasible_frame_action/0p5mbps_rtt50ms_loss1pct/summary.csv""
}
","2026-05-18 17:51:51,372 INFO __main__ - Starting repeat 1/1 for video=archive_popeye_512kb policy=deadline_feasible_frame_action bandwidth=0.5 Mbps
"
archive_popeye_512kb,deadline_feasible_frame_action,0.5,50.0,3.0,60,243,output\mininet_actual_experiment\archive_popeye_512kb\deadline_feasible_frame_action\0p5mbps_rtt50ms_loss3pct,output\mininet_actual_experiment\archive_popeye_512kb\deadline_feasible_frame_action\0p5mbps_rtt50ms_loss3pct\summary.csv,completed,0,449.89,"{
  ""video_name"": ""archive_popeye_512kb"",
  ""policy_name"": ""deadline_feasible_frame_action"",
  ""bandwidth_mbps"": 0.5,
  ""repeat_count"": 1,
  ""output_directory"": ""/mnt/c/git/network/output/mininet_actual_experiment/archive_popeye_512kb/deadline_feasible_frame_action/0p5mbps_rtt50ms_loss3pct"",
  ""summary_csv"": ""/mnt/c/git/network/output/mininet_actual_experiment/archive_popeye_512kb/deadline_feasible_frame_action/0p5mbps_rtt50ms_loss3pct/summary.csv""
}
","2026-05-18 17:59:21,874 INFO __main__ - Starting repeat 1/1 for video=archive_popeye_512kb policy=deadline_feasible_frame_action bandwidth=0.5 Mbps
"
archive_popeye_512kb,deadline_feasible_frame_action,0.5,100.0,0.0,61,243,output\mininet_actual_experiment\archive_popeye_512kb\deadline_feasible_frame_action\0p5mbps_rtt100ms_loss0pct,output\mininet_actual_experiment\archive_popeye_512kb\deadline_feasible_frame_action\0p5mbps_rtt100ms_loss0pct\summary.csv,completed,0,451.704,"{
  ""video_name"": ""archive_popeye_512kb"",
  ""policy_name"": ""deadline_feasible_frame_action"",
  ""bandwidth_mbps"": 0.5,
  ""repeat_count"": 1,
  ""output_directory"": ""/mnt/c/git/network/output/mininet_actual_experiment/archive_popeye_512kb/deadline_feasible_frame_action/0p5mbps_rtt100ms_loss0pct"",
  ""summary_csv"": ""/mnt/c/git/network/output/mininet_actual_experiment/archive_popeye_512kb/deadline_feasible_frame_action/0p5mbps_rtt100ms_loss0pct/summary.csv""
}
","2026-05-18 18:06:49,422 INFO __main__ - Starting repeat 1/1 for video=archive_popeye_512kb policy=deadline_feasible_frame_action bandwidth=0.5 Mbps
"
archive_popeye_512kb,deadline_feasible_frame_action,0.5,100.0,1.0,62,243,output\mininet_actual_experiment\archive_popeye_512kb\deadline_feasible_frame_action\0p5mbps_rtt100ms_loss1pct,output\mininet_actual_experiment\archive_popeye_512kb\deadline_feasible_frame_action\0p5mbps_rtt100ms_loss1pct\summary.csv,completed,0,449.375,"{
  ""video_name"": ""archive_popeye_512kb"",
  ""policy_name"": ""deadline_feasible_frame_action"",
  ""bandwidth_mbps"": 0.5,
  ""repeat_count"": 1,
  ""output_directory"": ""/mnt/c/git/network/output/mininet_actual_experiment/archive_popeye_512kb/deadline_feasible_frame_action/0p5mbps_rtt100ms_loss1pct"",
  ""summary_csv"": ""/mnt/c/git/network/output/mininet_actual_experiment/archive_popeye_512kb/deadline_feasible_frame_action/0p5mbps_rtt100ms_loss1pct/summary.csv""
}
","2026-05-18 18:14:22,387 INFO __main__ - Starting repeat 1/1 for video=archive_popeye_512kb policy=deadline_feasible_frame_action bandwidth=0.5 Mbps
"
archive_popeye_512kb,deadline_feasible_frame_action,0.5,100.0,3.0,63,243,output\mininet_actual_experiment\archive_popeye_512kb\deadline_feasible_frame_action\0p5mbps_rtt100ms_loss3pct,output\mininet_actual_experiment\archive_popeye_512kb\deadline_feasible_frame_action\0p5mbps_rtt100ms_loss3pct\summary.csv,completed,0,448.985,"{
  ""video_name"": ""archive_popeye_512kb"",
  ""policy_name"": ""deadline_feasible_frame_action"",
  ""bandwidth_mbps"": 0.5,
  ""repeat_count"": 1,
  ""output_directory"": ""/mnt/c/git/network/output/mininet_actual_experiment/archive_popeye_512kb/deadline_feasible_frame_action/0p5mbps_rtt100ms_loss3pct"",
  ""summary_csv"": ""/mnt/c/git/network/output/mininet_actual_experiment/archive_popeye_512kb/deadline_feasible_frame_action/0p5mbps_rtt100ms_loss3pct/summary.csv""
}
","2026-05-18 18:21:50,343 INFO __main__ - Starting repeat 1/1 for video=archive_popeye_512kb policy=deadline_feasible_frame_action bandwidth=0.5 Mbps
"
archive_popeye_512kb,deadline_feasible_frame_action,3.0,10.0,0.0,64,243,output\mininet_actual_experiment\archive_popeye_512kb\deadline_feasible_frame_action\3mbps,output\mininet_actual_experiment\archive_popeye_512kb\deadline_feasible_frame_action\3mbps\summary.csv,completed,0,455.218,"{
  ""video_name"": ""archive_popeye_512kb"",
  ""policy_name"": ""deadline_feasible_frame_action"",
  ""bandwidth_mbps"": 3.0,
  ""repeat_count"": 1,
  ""output_directory"": ""/mnt/c/git/network/output/mininet_actual_experiment/archive_popeye_512kb/deadline_feasible_frame_action/3mbps"",
  ""summary_csv"": ""/mnt/c/git/network/output/mininet_actual_experiment/archive_popeye_512kb/deadline_feasible_frame_action/3mbps/summary.csv""
}
","2026-05-18 18:29:20,623 INFO __main__ - Starting repeat 1/1 for video=archive_popeye_512kb policy=deadline_feasible_frame_action bandwidth=3.0 Mbps
"
archive_popeye_512kb,deadline_feasible_frame_action,3.0,10.0,1.0,65,243,output\mininet_actual_experiment\archive_popeye_512kb\deadline_feasible_frame_action\3mbps_rtt10ms_loss1pct,output\mininet_actual_experiment\archive_popeye_512kb\deadline_feasible_frame_action\3mbps_rtt10ms_loss1pct\summary.csv,completed,0,457.594,"{
  ""video_name"": ""archive_popeye_512kb"",
  ""policy_name"": ""deadline_feasible_frame_action"",
  ""bandwidth_mbps"": 3.0,
  ""repeat_count"": 1,
  ""output_directory"": ""/mnt/c/git/network/output/mininet_actual_experiment/archive_popeye_512kb/deadline_feasible_frame_action/3mbps_rtt10ms_loss1pct"",
  ""summary_csv"": ""/mnt/c/git/network/output/mininet_actual_experiment/archive_popeye_512kb/deadline_feasible_frame_action/3mbps_rtt10ms_loss1pct/summary.csv""
}
","2026-05-18 18:36:53,518 INFO __main__ - Starting repeat 1/1 for video=archive_popeye_512kb policy=deadline_feasible_frame_action bandwidth=3.0 Mbps
"
archive_popeye_512kb,deadline_feasible_frame_action,3.0,10.0,3.0,66,243,output\mininet_actual_experiment\archive_popeye_512kb\deadline_feasible_frame_action\3mbps_rtt10ms_loss3pct,output\mininet_actual_experiment\archive_popeye_512kb\deadline_feasible_frame_action\3mbps_rtt10ms_loss3pct\summary.csv,completed,0,458.672,"{
  ""video_name"": ""archive_popeye_512kb"",
  ""policy_name"": ""deadline_feasible_frame_action"",
  ""bandwidth_mbps"": 3.0,
  ""repeat_count"": 1,
  ""output_directory"": ""/mnt/c/git/network/output/mininet_actual_experiment/archive_popeye_512kb/deadline_feasible_frame_action/3mbps_rtt10ms_loss3pct"",
  ""summary_csv"": ""/mnt/c/git/network/output/mininet_actual_experiment/archive_popeye_512kb/deadline_feasible_frame_action/3mbps_rtt10ms_loss3pct/summary.csv""
}
","2026-05-18 18:44:32,315 INFO __main__ - Starting repeat 1/1 for video=archive_popeye_512kb policy=deadline_feasible_frame_action bandwidth=3.0 Mbps
"
archive_popeye_512kb,deadline_feasible_frame_action,3.0,50.0,0.0,67,243,output\mininet_actual_experiment\archive_popeye_512kb\deadline_feasible_frame_action\3mbps_rtt50ms_loss0pct,output\mininet_actual_experiment\archive_popeye_512kb\deadline_feasible_frame_action\3mbps_rtt50ms_loss0pct\summary.csv,completed,0,449.938,"{
  ""video_name"": ""archive_popeye_512kb"",
  ""policy_name"": ""deadline_feasible_frame_action"",
  ""bandwidth_mbps"": 3.0,
  ""repeat_count"": 1,
  ""output_directory"": ""/mnt/c/git/network/output/mininet_actual_experiment/archive_popeye_512kb/deadline_feasible_frame_action/3mbps_rtt50ms_loss0pct"",
  ""summary_csv"": ""/mnt/c/git/network/output/mininet_actual_experiment/archive_popeye_512kb/deadline_feasible_frame_action/3mbps_rtt50ms_loss0pct/summary.csv""
}
","2026-05-18 18:52:11,014 INFO __main__ - Starting repeat 1/1 for video=archive_popeye_512kb policy=deadline_feasible_frame_action bandwidth=3.0 Mbps
"
archive_popeye_512kb,deadline_feasible_frame_action,3.0,50.0,1.0,68,243,output\mininet_actual_experiment\archive_popeye_512kb\deadline_feasible_frame_action\3mbps_rtt50ms_loss1pct,output\mininet_actual_experiment\archive_popeye_512kb\deadline_feasible_frame_action\3mbps_rtt50ms_loss1pct\summary.csv,completed,0,449.781,"{
  ""video_name"": ""archive_popeye_512kb"",
  ""policy_name"": ""deadline_feasible_frame_action"",
  ""bandwidth_mbps"": 3.0,
  ""repeat_count"": 1,
  ""output_directory"": ""/mnt/c/git/network/output/mininet_actual_experiment/archive_popeye_512kb/deadline_feasible_frame_action/3mbps_rtt50ms_loss1pct"",
  ""summary_csv"": ""/mnt/c/git/network/output/mininet_actual_experiment/archive_popeye_512kb/deadline_feasible_frame_action/3mbps_rtt50ms_loss1pct/summary.csv""
}
","2026-05-18 18:59:42,634 INFO __main__ - Starting repeat 1/1 for video=archive_popeye_512kb policy=deadline_feasible_frame_action bandwidth=3.0 Mbps
"
archive_popeye_512kb,deadline_feasible_frame_action,3.0,50.0,3.0,69,243,output\mininet_actual_experiment\archive_popeye_512kb\deadline_feasible_frame_action\3mbps_rtt50ms_loss3pct,output\mininet_actual_experiment\archive_popeye_512kb\deadline_feasible_frame_action\3mbps_rtt50ms_loss3pct\summary.csv,completed,0,446.703,"{
  ""video_name"": ""archive_popeye_512kb"",
  ""policy_name"": ""deadline_feasible_frame_action"",
  ""bandwidth_mbps"": 3.0,
  ""repeat_count"": 1,
  ""output_directory"": ""/mnt/c/git/network/output/mininet_actual_experiment/archive_popeye_512kb/deadline_feasible_frame_action/3mbps_rtt50ms_loss3pct"",
  ""summary_csv"": ""/mnt/c/git/network/output/mininet_actual_experiment/archive_popeye_512kb/deadline_feasible_frame_action/3mbps_rtt50ms_loss3pct/summary.csv""
}
","2026-05-18 19:07:10,324 INFO __main__ - Starting repeat 1/1 for video=archive_popeye_512kb policy=deadline_feasible_frame_action bandwidth=3.0 Mbps
"
archive_popeye_512kb,deadline_feasible_frame_action,3.0,100.0,0.0,70,243,output\mininet_actual_experiment\archive_popeye_512kb\deadline_feasible_frame_action\3mbps_rtt100ms_loss0pct,output\mininet_actual_experiment\archive_popeye_512kb\deadline_feasible_frame_action\3mbps_rtt100ms_loss0pct\summary.csv,completed,0,447.078,"{
  ""video_name"": ""archive_popeye_512kb"",
  ""policy_name"": ""deadline_feasible_frame_action"",
  ""bandwidth_mbps"": 3.0,
  ""repeat_count"": 1,
  ""output_directory"": ""/mnt/c/git/network/output/mininet_actual_experiment/archive_popeye_512kb/deadline_feasible_frame_action/3mbps_rtt100ms_loss0pct"",
  ""summary_csv"": ""/mnt/c/git/network/output/mininet_actual_experiment/archive_popeye_512kb/deadline_feasible_frame_action/3mbps_rtt100ms_loss0pct/summary.csv""
}
","2026-05-18 19:14:38,953 INFO __main__ - Starting repeat 1/1 for video=archive_popeye_512kb policy=deadline_feasible_frame_action bandwidth=3.0 Mbps
"
archive_popeye_512kb,deadline_feasible_frame_action,3.0,100.0,1.0,71,243,output\mininet_actual_experiment\archive_popeye_512kb\deadline_feasible_frame_action\3mbps_rtt100ms_loss1pct,output\mininet_actual_experiment\archive_popeye_512kb\deadline_feasible_frame_action\3mbps_rtt100ms_loss1pct\summary.csv,completed,0,447.953,"{
  ""video_name"": ""archive_popeye_512kb"",
  ""policy_name"": ""deadline_feasible_frame_action"",
  ""bandwidth_mbps"": 3.0,
  ""repeat_count"": 1,
  ""output_directory"": ""/mnt/c/git/network/output/mininet_actual_experiment/archive_popeye_512kb/deadline_feasible_frame_action/3mbps_rtt100ms_loss1pct"",
  ""summary_csv"": ""/mnt/c/git/network/output/mininet_actual_experiment/archive_popeye_512kb/deadline_feasible_frame_action/3mbps_rtt100ms_loss1pct/summary.csv""
}
","2026-05-18 19:22:04,382 INFO __main__ - Starting repeat 1/1 for video=archive_popeye_512kb policy=deadline_feasible_frame_action bandwidth=3.0 Mbps
"
archive_popeye_512kb,deadline_feasible_frame_action,3.0,100.0,3.0,72,243,output\mininet_actual_experiment\archive_popeye_512kb\deadline_feasible_frame_action\3mbps_rtt100ms_loss3pct,output\mininet_actual_experiment\archive_popeye_512kb\deadline_feasible_frame_action\3mbps_rtt100ms_loss3pct\summary.csv,completed,0,454.969,"{
  ""video_name"": ""archive_popeye_512kb"",
  ""policy_name"": ""deadline_feasible_frame_action"",
  ""bandwidth_mbps"": 3.0,
  ""repeat_count"": 1,
  ""output_directory"": ""/mnt/c/git/network/output/mininet_actual_experiment/archive_popeye_512kb/deadline_feasible_frame_action/3mbps_rtt100ms_loss3pct"",
  ""summary_csv"": ""/mnt/c/git/network/output/mininet_actual_experiment/archive_popeye_512kb/deadline_feasible_frame_action/3mbps_rtt100ms_loss3pct/summary.csv""
}
","2026-05-18 19:29:34,151 INFO __main__ - Starting repeat 1/1 for video=archive_popeye_512kb policy=deadline_feasible_frame_action bandwidth=3.0 Mbps
"
archive_popeye_512kb,deadline_feasible_frame_action,10.0,10.0,0.0,73,243,output\mininet_actual_experiment\archive_popeye_512kb\deadline_feasible_frame_action\10mbps,output\mininet_actual_experiment\archive_popeye_512kb\deadline_feasible_frame_action\10mbps\summary.csv,completed,0,450.641,"{
  ""video_name"": ""archive_popeye_512kb"",
  ""policy_name"": ""deadline_feasible_frame_action"",
  ""bandwidth_mbps"": 10.0,
  ""repeat_count"": 1,
  ""output_directory"": ""/mnt/c/git/network/output/mininet_actual_experiment/archive_popeye_512kb/deadline_feasible_frame_action/10mbps"",
  ""summary_csv"": ""/mnt/c/git/network/output/mininet_actual_experiment/archive_popeye_512kb/deadline_feasible_frame_action/10mbps/summary.csv""
}
","2026-05-18 19:37:06,678 INFO __main__ - Starting repeat 1/1 for video=archive_popeye_512kb policy=deadline_feasible_frame_action bandwidth=10.0 Mbps
"
archive_popeye_512kb,deadline_feasible_frame_action,10.0,10.0,1.0,74,243,output\mininet_actual_experiment\archive_popeye_512kb\deadline_feasible_frame_action\10mbps_rtt10ms_loss1pct,output\mininet_actual_experiment\archive_popeye_512kb\deadline_feasible_frame_action\10mbps_rtt10ms_loss1pct\summary.csv,completed,0,446.328,"{
  ""video_name"": ""archive_popeye_512kb"",
  ""policy_name"": ""deadline_feasible_frame_action"",
  ""bandwidth_mbps"": 10.0,
  ""repeat_count"": 1,
  ""output_directory"": ""/mnt/c/git/network/output/mininet_actual_experiment/archive_popeye_512kb/deadline_feasible_frame_action/10mbps_rtt10ms_loss1pct"",
  ""summary_csv"": ""/mnt/c/git/network/output/mininet_actual_experiment/archive_popeye_512kb/deadline_feasible_frame_action/10mbps_rtt10ms_loss1pct/summary.csv""
}
","2026-05-18 19:44:38,708 INFO __main__ - Starting repeat 1/1 for video=archive_popeye_512kb policy=deadline_feasible_frame_action bandwidth=10.0 Mbps
"
archive_popeye_512kb,deadline_feasible_frame_action,10.0,10.0,3.0,75,243,output\mininet_actual_experiment\archive_popeye_512kb\deadline_feasible_frame_action\10mbps_rtt10ms_loss3pct,output\mininet_actual_experiment\archive_popeye_512kb\deadline_feasible_frame_action\10mbps_rtt10ms_loss3pct\summary.csv,completed,0,446.235,"{
  ""video_name"": ""archive_popeye_512kb"",
  ""policy_name"": ""deadline_feasible_frame_action"",
  ""bandwidth_mbps"": 10.0,
  ""repeat_count"": 1,
  ""output_directory"": ""/mnt/c/git/network/output/mininet_actual_experiment/archive_popeye_512kb/deadline_feasible_frame_action/10mbps_rtt10ms_loss3pct"",
  ""summary_csv"": ""/mnt/c/git/network/output/mininet_actual_experiment/archive_popeye_512kb/deadline_feasible_frame_action/10mbps_rtt10ms_loss3pct/summary.csv""
}
","2026-05-18 19:52:03,394 INFO __main__ - Starting repeat 1/1 for video=archive_popeye_512kb policy=deadline_feasible_frame_action bandwidth=10.0 Mbps
"
archive_popeye_512kb,deadline_feasible_frame_action,10.0,50.0,0.0,76,243,output\mininet_actual_experiment\archive_popeye_512kb\deadline_feasible_frame_action\10mbps_rtt50ms_loss0pct,output\mininet_actual_experiment\archive_popeye_512kb\deadline_feasible_frame_action\10mbps_rtt50ms_loss0pct\summary.csv,completed,0,446.844,"{
  ""video_name"": ""archive_popeye_512kb"",
  ""policy_name"": ""deadline_feasible_frame_action"",
  ""bandwidth_mbps"": 10.0,
  ""repeat_count"": 1,
  ""output_directory"": ""/mnt/c/git/network/output/mininet_actual_experiment/archive_popeye_512kb/deadline_feasible_frame_action/10mbps_rtt50ms_loss0pct"",
  ""summary_csv"": ""/mnt/c/git/network/output/mininet_actual_experiment/archive_popeye_512kb/deadline_feasible_frame_action/10mbps_rtt50ms_loss0pct/summary.csv""
}
","2026-05-18 19:59:31,701 INFO __main__ - Starting repeat 1/1 for video=archive_popeye_512kb policy=deadline_feasible_frame_action bandwidth=10.0 Mbps
"
archive_popeye_512kb,deadline_feasible_frame_action,10.0,50.0,1.0,77,243,output\mininet_actual_experiment\archive_popeye_512kb\deadline_feasible_frame_action\10mbps_rtt50ms_loss1pct,output\mininet_actual_experiment\archive_popeye_512kb\deadline_feasible_frame_action\10mbps_rtt50ms_loss1pct\summary.csv,completed,0,446.563,"{
  ""video_name"": ""archive_popeye_512kb"",
  ""policy_name"": ""deadline_feasible_frame_action"",
  ""bandwidth_mbps"": 10.0,
  ""repeat_count"": 1,
  ""output_directory"": ""/mnt/c/git/network/output/mininet_actual_experiment/archive_popeye_512kb/deadline_feasible_frame_action/10mbps_rtt50ms_loss1pct"",
  ""summary_csv"": ""/mnt/c/git/network/output/mininet_actual_experiment/archive_popeye_512kb/deadline_feasible_frame_action/10mbps_rtt50ms_loss1pct/summary.csv""
}
","2026-05-18 20:06:56,868 INFO __main__ - Starting repeat 1/1 for video=archive_popeye_512kb policy=deadline_feasible_frame_action bandwidth=10.0 Mbps
"
archive_popeye_512kb,deadline_feasible_frame_action,10.0,50.0,3.0,78,243,output\mininet_actual_experiment\archive_popeye_512kb\deadline_feasible_frame_action\10mbps_rtt50ms_loss3pct,output\mininet_actual_experiment\archive_popeye_512kb\deadline_feasible_frame_action\10mbps_rtt50ms_loss3pct\summary.csv,completed,0,446.36,"{
  ""video_name"": ""archive_popeye_512kb"",
  ""policy_name"": ""deadline_feasible_frame_action"",
  ""bandwidth_mbps"": 10.0,
  ""repeat_count"": 1,
  ""output_directory"": ""/mnt/c/git/network/output/mininet_actual_experiment/archive_popeye_512kb/deadline_feasible_frame_action/10mbps_rtt50ms_loss3pct"",
  ""summary_csv"": ""/mnt/c/git/network/output/mininet_actual_experiment/archive_popeye_512kb/deadline_feasible_frame_action/10mbps_rtt50ms_loss3pct/summary.csv""
}
","2026-05-18 20:14:25,250 INFO __main__ - Starting repeat 1/1 for video=archive_popeye_512kb policy=deadline_feasible_frame_action bandwidth=10.0 Mbps
"
archive_popeye_512kb,deadline_feasible_frame_action,10.0,100.0,0.0,79,243,output\mininet_actual_experiment\archive_popeye_512kb\deadline_feasible_frame_action\10mbps_rtt100ms_loss0pct,output\mininet_actual_experiment\archive_popeye_512kb\deadline_feasible_frame_action\10mbps_rtt100ms_loss0pct\summary.csv,completed,0,446.203,"{
  ""video_name"": ""archive_popeye_512kb"",
  ""policy_name"": ""deadline_feasible_frame_action"",
  ""bandwidth_mbps"": 10.0,
  ""repeat_count"": 1,
  ""output_directory"": ""/mnt/c/git/network/output/mininet_actual_experiment/archive_popeye_512kb/deadline_feasible_frame_action/10mbps_rtt100ms_loss0pct"",
  ""summary_csv"": ""/mnt/c/git/network/output/mininet_actual_experiment/archive_popeye_512kb/deadline_feasible_frame_action/10mbps_rtt100ms_loss0pct/summary.csv""
}
","2026-05-18 20:21:49,960 INFO __main__ - Starting repeat 1/1 for video=archive_popeye_512kb policy=deadline_feasible_frame_action bandwidth=10.0 Mbps
"
archive_popeye_512kb,deadline_feasible_frame_action,10.0,100.0,1.0,80,243,output\mininet_actual_experiment\archive_popeye_512kb\deadline_feasible_frame_action\10mbps_rtt100ms_loss1pct,output\mininet_actual_experiment\archive_popeye_512kb\deadline_feasible_frame_action\10mbps_rtt100ms_loss1pct\summary.csv,completed,0,446.157,"{
  ""video_name"": ""archive_popeye_512kb"",
  ""policy_name"": ""deadline_feasible_frame_action"",
  ""bandwidth_mbps"": 10.0,
  ""repeat_count"": 1,
  ""output_directory"": ""/mnt/c/git/network/output/mininet_actual_experiment/archive_popeye_512kb/deadline_feasible_frame_action/10mbps_rtt100ms_loss1pct"",
  ""summary_csv"": ""/mnt/c/git/network/output/mininet_actual_experiment/archive_popeye_512kb/deadline_feasible_frame_action/10mbps_rtt100ms_loss1pct/summary.csv""
}
","2026-05-18 20:29:18,184 INFO __main__ - Starting repeat 1/1 for video=archive_popeye_512kb policy=deadline_feasible_frame_action bandwidth=10.0 Mbps
"
archive_popeye_512kb,deadline_feasible_frame_action,10.0,100.0,3.0,81,243,output\mininet_actual_experiment\archive_popeye_512kb\deadline_feasible_frame_action\10mbps_rtt100ms_loss3pct,output\mininet_actual_experiment\archive_popeye_512kb\deadline_feasible_frame_action\10mbps_rtt100ms_loss3pct\summary.csv,completed,0,446.031,"{
  ""video_name"": ""archive_popeye_512kb"",
  ""policy_name"": ""deadline_feasible_frame_action"",
  ""bandwidth_mbps"": 10.0,
  ""repeat_count"": 1,
  ""output_directory"": ""/mnt/c/git/network/output/mininet_actual_experiment/archive_popeye_512kb/deadline_feasible_frame_action/10mbps_rtt100ms_loss3pct"",
  ""summary_csv"": ""/mnt/c/git/network/output/mininet_actual_experiment/archive_popeye_512kb/deadline_feasible_frame_action/10mbps_rtt100ms_loss3pct/summary.csv""
}
","2026-05-18 20:36:42,689 INFO __main__ - Starting repeat 1/1 for video=archive_popeye_512kb policy=deadline_feasible_frame_action bandwidth=10.0 Mbps
"
echo_mediaelement,heuristic_frame_aware,0.5,10.0,0.0,82,243,output\mininet_actual_experiment\echo_mediaelement\heuristic_frame_aware\0p5mbps,output\mininet_actual_experiment\echo_mediaelement\heuristic_frame_aware\0p5mbps\summary.csv,completed,0,94.406,"{
  ""video_name"": ""echo_mediaelement"",
  ""policy_name"": ""heuristic_frame_aware"",
  ""bandwidth_mbps"": 0.5,
  ""repeat_count"": 1,
  ""output_directory"": ""/mnt/c/git/network/output/mininet_actual_experiment/echo_mediaelement/heuristic_frame_aware/0p5mbps"",
  ""summary_csv"": ""/mnt/c/git/network/output/mininet_actual_experiment/echo_mediaelement/heuristic_frame_aware/0p5mbps/summary.csv""
}
","2026-05-18 20:44:10,713 INFO __main__ - Starting repeat 1/1 for video=echo_mediaelement policy=heuristic_frame_aware bandwidth=0.5 Mbps
"
echo_mediaelement,heuristic_frame_aware,0.5,10.0,1.0,83,243,output\mininet_actual_experiment\echo_mediaelement\heuristic_frame_aware\0p5mbps_rtt10ms_loss1pct,output\mininet_actual_experiment\echo_mediaelement\heuristic_frame_aware\0p5mbps_rtt10ms_loss1pct\summary.csv,completed,0,95.172,"{
  ""video_name"": ""echo_mediaelement"",
  ""policy_name"": ""heuristic_frame_aware"",
  ""bandwidth_mbps"": 0.5,
  ""repeat_count"": 1,
  ""output_directory"": ""/mnt/c/git/network/output/mininet_actual_experiment/echo_mediaelement/heuristic_frame_aware/0p5mbps_rtt10ms_loss1pct"",
  ""summary_csv"": ""/mnt/c/git/network/output/mininet_actual_experiment/echo_mediaelement/heuristic_frame_aware/0p5mbps_rtt10ms_loss1pct/summary.csv""
}
","2026-05-18 20:45:42,820 INFO __main__ - Starting repeat 1/1 for video=echo_mediaelement policy=heuristic_frame_aware bandwidth=0.5 Mbps
"
echo_mediaelement,heuristic_frame_aware,0.5,10.0,3.0,84,243,output\mininet_actual_experiment\echo_mediaelement\heuristic_frame_aware\0p5mbps_rtt10ms_loss3pct,output\mininet_actual_experiment\echo_mediaelement\heuristic_frame_aware\0p5mbps_rtt10ms_loss3pct\summary.csv,completed,0,98.094,"{
  ""video_name"": ""echo_mediaelement"",
  ""policy_name"": ""heuristic_frame_aware"",
  ""bandwidth_mbps"": 0.5,
  ""repeat_count"": 1,
  ""output_directory"": ""/mnt/c/git/network/output/mininet_actual_experiment/echo_mediaelement/heuristic_frame_aware/0p5mbps_rtt10ms_loss3pct"",
  ""summary_csv"": ""/mnt/c/git/network/output/mininet_actual_experiment/echo_mediaelement/heuristic_frame_aware/0p5mbps_rtt10ms_loss3pct/summary.csv""
}
","2026-05-18 20:47:19,215 INFO __main__ - Starting repeat 1/1 for video=echo_mediaelement policy=heuristic_frame_aware bandwidth=0.5 Mbps
"
echo_mediaelement,heuristic_frame_aware,0.5,50.0,0.0,85,243,output\mininet_actual_experiment\echo_mediaelement\heuristic_frame_aware\0p5mbps_rtt50ms_loss0pct,output\mininet_actual_experiment\echo_mediaelement\heuristic_frame_aware\0p5mbps_rtt50ms_loss0pct\summary.csv,completed,0,94.5,"{
  ""video_name"": ""echo_mediaelement"",
  ""policy_name"": ""heuristic_frame_aware"",
  ""bandwidth_mbps"": 0.5,
  ""repeat_count"": 1,
  ""output_directory"": ""/mnt/c/git/network/output/mininet_actual_experiment/echo_mediaelement/heuristic_frame_aware/0p5mbps_rtt50ms_loss0pct"",
  ""summary_csv"": ""/mnt/c/git/network/output/mininet_actual_experiment/echo_mediaelement/heuristic_frame_aware/0p5mbps_rtt50ms_loss0pct/summary.csv""
}
","2026-05-18 20:48:58,344 INFO __main__ - Starting repeat 1/1 for video=echo_mediaelement policy=heuristic_frame_aware bandwidth=0.5 Mbps
"
echo_mediaelement,heuristic_frame_aware,0.5,50.0,1.0,86,243,output\mininet_actual_experiment\echo_mediaelement\heuristic_frame_aware\0p5mbps_rtt50ms_loss1pct,output\mininet_actual_experiment\echo_mediaelement\heuristic_frame_aware\0p5mbps_rtt50ms_loss1pct\summary.csv,completed,0,95.031,"{
  ""video_name"": ""echo_mediaelement"",
  ""policy_name"": ""heuristic_frame_aware"",
  ""bandwidth_mbps"": 0.5,
  ""repeat_count"": 1,
  ""output_directory"": ""/mnt/c/git/network/output/mininet_actual_experiment/echo_mediaelement/heuristic_frame_aware/0p5mbps_rtt50ms_loss1pct"",
  ""summary_csv"": ""/mnt/c/git/network/output/mininet_actual_experiment/echo_mediaelement/heuristic_frame_aware/0p5mbps_rtt50ms_loss1pct/summary.csv""
}
","2026-05-18 20:50:30,465 INFO __main__ - Starting repeat 1/1 for video=echo_mediaelement policy=heuristic_frame_aware bandwidth=0.5 Mbps
"
echo_mediaelement,heuristic_frame_aware,0.5,50.0,3.0,87,243,output\mininet_actual_experiment\echo_mediaelement\heuristic_frame_aware\0p5mbps_rtt50ms_loss3pct,output\mininet_actual_experiment\echo_mediaelement\heuristic_frame_aware\0p5mbps_rtt50ms_loss3pct\summary.csv,completed,0,103.515,"{
  ""video_name"": ""echo_mediaelement"",
  ""policy_name"": ""heuristic_frame_aware"",
  ""bandwidth_mbps"": 0.5,
  ""repeat_count"": 1,
  ""output_directory"": ""/mnt/c/git/network/output/mininet_actual_experiment/echo_mediaelement/heuristic_frame_aware/0p5mbps_rtt50ms_loss3pct"",
  ""summary_csv"": ""/mnt/c/git/network/output/mininet_actual_experiment/echo_mediaelement/heuristic_frame_aware/0p5mbps_rtt50ms_loss3pct/summary.csv""
}
","2026-05-18 20:52:06,752 INFO __main__ - Starting repeat 1/1 for video=echo_mediaelement policy=heuristic_frame_aware bandwidth=0.5 Mbps
"
echo_mediaelement,heuristic_frame_aware,0.5,100.0,0.0,88,243,output\mininet_actual_experiment\echo_mediaelement\heuristic_frame_aware\0p5mbps_rtt100ms_loss0pct,output\mininet_actual_experiment\echo_mediaelement\heuristic_frame_aware\0p5mbps_rtt100ms_loss0pct\summary.csv,completed,0,94.61,"{
  ""video_name"": ""echo_mediaelement"",
  ""policy_name"": ""heuristic_frame_aware"",
  ""bandwidth_mbps"": 0.5,
  ""repeat_count"": 1,
  ""output_directory"": ""/mnt/c/git/network/output/mininet_actual_experiment/echo_mediaelement/heuristic_frame_aware/0p5mbps_rtt100ms_loss0pct"",
  ""summary_csv"": ""/mnt/c/git/network/output/mininet_actual_experiment/echo_mediaelement/heuristic_frame_aware/0p5mbps_rtt100ms_loss0pct/summary.csv""
}
","2026-05-18 20:53:50,622 INFO __main__ - Starting repeat 1/1 for video=echo_mediaelement policy=heuristic_frame_aware bandwidth=0.5 Mbps
"
echo_mediaelement,heuristic_frame_aware,0.5,100.0,1.0,89,243,output\mininet_actual_experiment\echo_mediaelement\heuristic_frame_aware\0p5mbps_rtt100ms_loss1pct,output\mininet_actual_experiment\echo_mediaelement\heuristic_frame_aware\0p5mbps_rtt100ms_loss1pct\summary.csv,completed,0,103.063,"{
  ""video_name"": ""echo_mediaelement"",
  ""policy_name"": ""heuristic_frame_aware"",
  ""bandwidth_mbps"": 0.5,
  ""repeat_count"": 1,
  ""output_directory"": ""/mnt/c/git/network/output/mininet_actual_experiment/echo_mediaelement/heuristic_frame_aware/0p5mbps_rtt100ms_loss1pct"",
  ""summary_csv"": ""/mnt/c/git/network/output/mininet_actual_experiment/echo_mediaelement/heuristic_frame_aware/0p5mbps_rtt100ms_loss1pct/summary.csv""
}
","2026-05-18 20:55:22,965 INFO __main__ - Starting repeat 1/1 for video=echo_mediaelement policy=heuristic_frame_aware bandwidth=0.5 Mbps
"
echo_mediaelement,heuristic_frame_aware,0.5,100.0,3.0,90,243,output\mininet_actual_experiment\echo_mediaelement\heuristic_frame_aware\0p5mbps_rtt100ms_loss3pct,output\mininet_actual_experiment\echo_mediaelement\heuristic_frame_aware\0p5mbps_rtt100ms_loss3pct\summary.csv,completed,0,168.125,"{
  ""video_name"": ""echo_mediaelement"",
  ""policy_name"": ""heuristic_frame_aware"",
  ""bandwidth_mbps"": 0.5,
  ""repeat_count"": 1,
  ""output_directory"": ""/mnt/c/git/network/output/mininet_actual_experiment/echo_mediaelement/heuristic_frame_aware/0p5mbps_rtt100ms_loss3pct"",
  ""summary_csv"": ""/mnt/c/git/network/output/mininet_actual_experiment/echo_mediaelement/heuristic_frame_aware/0p5mbps_rtt100ms_loss3pct/summary.csv""
}
","2026-05-18 20:57:06,521 INFO __main__ - Starting repeat 1/1 for video=echo_mediaelement policy=heuristic_frame_aware bandwidth=0.5 Mbps
"
echo_mediaelement,heuristic_frame_aware,3.0,10.0,0.0,91,243,output\mininet_actual_experiment\echo_mediaelement\heuristic_frame_aware\3mbps,output\mininet_actual_experiment\echo_mediaelement\heuristic_frame_aware\3mbps\summary.csv,completed,0,58.922,"{
  ""video_name"": ""echo_mediaelement"",
  ""policy_name"": ""heuristic_frame_aware"",
  ""bandwidth_mbps"": 3.0,
  ""repeat_count"": 1,
  ""output_directory"": ""/mnt/c/git/network/output/mininet_actual_experiment/echo_mediaelement/heuristic_frame_aware/3mbps"",
  ""summary_csv"": ""/mnt/c/git/network/output/mininet_actual_experiment/echo_mediaelement/heuristic_frame_aware/3mbps/summary.csv""
}
","2026-05-18 20:59:55,758 INFO __main__ - Starting repeat 1/1 for video=echo_mediaelement policy=heuristic_frame_aware bandwidth=3.0 Mbps
"
echo_mediaelement,heuristic_frame_aware,3.0,10.0,1.0,92,243,output\mininet_actual_experiment\echo_mediaelement\heuristic_frame_aware\3mbps_rtt10ms_loss1pct,output\mininet_actual_experiment\echo_mediaelement\heuristic_frame_aware\3mbps_rtt10ms_loss1pct\summary.csv,completed,0,59.047,"{
  ""video_name"": ""echo_mediaelement"",
  ""policy_name"": ""heuristic_frame_aware"",
  ""bandwidth_mbps"": 3.0,
  ""repeat_count"": 1,
  ""output_directory"": ""/mnt/c/git/network/output/mininet_actual_experiment/echo_mediaelement/heuristic_frame_aware/3mbps_rtt10ms_loss1pct"",
  ""summary_csv"": ""/mnt/c/git/network/output/mininet_actual_experiment/echo_mediaelement/heuristic_frame_aware/3mbps_rtt10ms_loss1pct/summary.csv""
}
","2026-05-18 21:00:55,958 INFO __main__ - Starting repeat 1/1 for video=echo_mediaelement policy=heuristic_frame_aware bandwidth=3.0 Mbps
"
echo_mediaelement,heuristic_frame_aware,3.0,10.0,3.0,93,243,output\mininet_actual_experiment\echo_mediaelement\heuristic_frame_aware\3mbps_rtt10ms_loss3pct,output\mininet_actual_experiment\echo_mediaelement\heuristic_frame_aware\3mbps_rtt10ms_loss3pct\summary.csv,completed,0,60.063,"{
  ""video_name"": ""echo_mediaelement"",
  ""policy_name"": ""heuristic_frame_aware"",
  ""bandwidth_mbps"": 3.0,
  ""repeat_count"": 1,
  ""output_directory"": ""/mnt/c/git/network/output/mininet_actual_experiment/echo_mediaelement/heuristic_frame_aware/3mbps_rtt10ms_loss3pct"",
  ""summary_csv"": ""/mnt/c/git/network/output/mininet_actual_experiment/echo_mediaelement/heuristic_frame_aware/3mbps_rtt10ms_loss3pct/summary.csv""
}
","2026-05-18 21:01:52,714 INFO __main__ - Starting repeat 1/1 for video=echo_mediaelement policy=heuristic_frame_aware bandwidth=3.0 Mbps
"
echo_mediaelement,heuristic_frame_aware,3.0,50.0,0.0,94,243,output\mininet_actual_experiment\echo_mediaelement\heuristic_frame_aware\3mbps_rtt50ms_loss0pct,output\mininet_actual_experiment\echo_mediaelement\heuristic_frame_aware\3mbps_rtt50ms_loss0pct\summary.csv,completed,0,58.89,"{
  ""video_name"": ""echo_mediaelement"",
  ""policy_name"": ""heuristic_frame_aware"",
  ""bandwidth_mbps"": 3.0,
  ""repeat_count"": 1,
  ""output_directory"": ""/mnt/c/git/network/output/mininet_actual_experiment/echo_mediaelement/heuristic_frame_aware/3mbps_rtt50ms_loss0pct"",
  ""summary_csv"": ""/mnt/c/git/network/output/mininet_actual_experiment/echo_mediaelement/heuristic_frame_aware/3mbps_rtt50ms_loss0pct/summary.csv""
}
","2026-05-18 21:02:53,929 INFO __main__ - Starting repeat 1/1 for video=echo_mediaelement policy=heuristic_frame_aware bandwidth=3.0 Mbps
"
echo_mediaelement,heuristic_frame_aware,3.0,50.0,1.0,95,243,output\mininet_actual_experiment\echo_mediaelement\heuristic_frame_aware\3mbps_rtt50ms_loss1pct,output\mininet_actual_experiment\echo_mediaelement\heuristic_frame_aware\3mbps_rtt50ms_loss1pct\summary.csv,completed,0,60.704,"{
  ""video_name"": ""echo_mediaelement"",
  ""policy_name"": ""heuristic_frame_aware"",
  ""bandwidth_mbps"": 3.0,
  ""repeat_count"": 1,
  ""output_directory"": ""/mnt/c/git/network/output/mininet_actual_experiment/echo_mediaelement/heuristic_frame_aware/3mbps_rtt50ms_loss1pct"",
  ""summary_csv"": ""/mnt/c/git/network/output/mininet_actual_experiment/echo_mediaelement/heuristic_frame_aware/3mbps_rtt50ms_loss1pct/summary.csv""
}
","2026-05-18 21:03:54,056 INFO __main__ - Starting repeat 1/1 for video=echo_mediaelement policy=heuristic_frame_aware bandwidth=3.0 Mbps
"
echo_mediaelement,heuristic_frame_aware,3.0,50.0,3.0,96,243,output\mininet_actual_experiment\echo_mediaelement\heuristic_frame_aware\3mbps_rtt50ms_loss3pct,output\mininet_actual_experiment\echo_mediaelement\heuristic_frame_aware\3mbps_rtt50ms_loss3pct\summary.csv,completed,0,84.735,"{
  ""video_name"": ""echo_mediaelement"",
  ""policy_name"": ""heuristic_frame_aware"",
  ""bandwidth_mbps"": 3.0,
  ""repeat_count"": 1,
  ""output_directory"": ""/mnt/c/git/network/output/mininet_actual_experiment/echo_mediaelement/heuristic_frame_aware/3mbps_rtt50ms_loss3pct"",
  ""summary_csv"": ""/mnt/c/git/network/output/mininet_actual_experiment/echo_mediaelement/heuristic_frame_aware/3mbps_rtt50ms_loss3pct/summary.csv""
}
","2026-05-18 21:04:52,299 INFO __main__ - Starting repeat 1/1 for video=echo_mediaelement policy=heuristic_frame_aware bandwidth=3.0 Mbps
"
echo_mediaelement,heuristic_frame_aware,3.0,100.0,0.0,97,243,output\mininet_actual_experiment\echo_mediaelement\heuristic_frame_aware\3mbps_rtt100ms_loss0pct,output\mininet_actual_experiment\echo_mediaelement\heuristic_frame_aware\3mbps_rtt100ms_loss0pct\summary.csv,completed,0,59.469,"{
  ""video_name"": ""echo_mediaelement"",
  ""policy_name"": ""heuristic_frame_aware"",
  ""bandwidth_mbps"": 3.0,
  ""repeat_count"": 1,
  ""output_directory"": ""/mnt/c/git/network/output/mininet_actual_experiment/echo_mediaelement/heuristic_frame_aware/3mbps_rtt100ms_loss0pct"",
  ""summary_csv"": ""/mnt/c/git/network/output/mininet_actual_experiment/echo_mediaelement/heuristic_frame_aware/3mbps_rtt100ms_loss0pct/summary.csv""
}
","2026-05-18 21:06:19,384 INFO __main__ - Starting repeat 1/1 for video=echo_mediaelement policy=heuristic_frame_aware bandwidth=3.0 Mbps
"
echo_mediaelement,heuristic_frame_aware,3.0,100.0,1.0,98,243,output\mininet_actual_experiment\echo_mediaelement\heuristic_frame_aware\3mbps_rtt100ms_loss1pct,output\mininet_actual_experiment\echo_mediaelement\heuristic_frame_aware\3mbps_rtt100ms_loss1pct\summary.csv,completed,0,60.828,"{
  ""video_name"": ""echo_mediaelement"",
  ""policy_name"": ""heuristic_frame_aware"",
  ""bandwidth_mbps"": 3.0,
  ""repeat_count"": 1,
  ""output_directory"": ""/mnt/c/git/network/output/mininet_actual_experiment/echo_mediaelement/heuristic_frame_aware/3mbps_rtt100ms_loss1pct"",
  ""summary_csv"": ""/mnt/c/git/network/output/mininet_actual_experiment/echo_mediaelement/heuristic_frame_aware/3mbps_rtt100ms_loss1pct/summary.csv""
}
","2026-05-18 21:07:16,469 INFO __main__ - Starting repeat 1/1 for video=echo_mediaelement policy=heuristic_frame_aware bandwidth=3.0 Mbps
"
echo_mediaelement,heuristic_frame_aware,3.0,100.0,3.0,99,243,output\mininet_actual_experiment\echo_mediaelement\heuristic_frame_aware\3mbps_rtt100ms_loss3pct,output\mininet_actual_experiment\echo_mediaelement\heuristic_frame_aware\3mbps_rtt100ms_loss3pct\summary.csv,completed,0,135.859,"{
  ""video_name"": ""echo_mediaelement"",
  ""policy_name"": ""heuristic_frame_aware"",
  ""bandwidth_mbps"": 3.0,
  ""repeat_count"": 1,
  ""output_directory"": ""/mnt/c/git/network/output/mininet_actual_experiment/echo_mediaelement/heuristic_frame_aware/3mbps_rtt100ms_loss3pct"",
  ""summary_csv"": ""/mnt/c/git/network/output/mininet_actual_experiment/echo_mediaelement/heuristic_frame_aware/3mbps_rtt100ms_loss3pct/summary.csv""
}
","2026-05-18 21:08:18,351 INFO __main__ - Starting repeat 1/1 for video=echo_mediaelement policy=heuristic_frame_aware bandwidth=3.0 Mbps
"
echo_mediaelement,heuristic_frame_aware,10.0,10.0,0.0,100,243,output\mininet_actual_experiment\echo_mediaelement\heuristic_frame_aware\10mbps,output\mininet_actual_experiment\echo_mediaelement\heuristic_frame_aware\10mbps\summary.csv,completed,0,58.828,"{
  ""video_name"": ""echo_mediaelement"",
  ""policy_name"": ""heuristic_frame_aware"",
  ""bandwidth_mbps"": 10.0,
  ""repeat_count"": 1,
  ""output_directory"": ""/mnt/c/git/network/output/mininet_actual_experiment/echo_mediaelement/heuristic_frame_aware/10mbps"",
  ""summary_csv"": ""/mnt/c/git/network/output/mininet_actual_experiment/echo_mediaelement/heuristic_frame_aware/10mbps/summary.csv""
}
","2026-05-18 21:10:35,011 INFO __main__ - Starting repeat 1/1 for video=echo_mediaelement policy=heuristic_frame_aware bandwidth=10.0 Mbps
"
echo_mediaelement,heuristic_frame_aware,10.0,10.0,1.0,101,243,output\mininet_actual_experiment\echo_mediaelement\heuristic_frame_aware\10mbps_rtt10ms_loss1pct,output\mininet_actual_experiment\echo_mediaelement\heuristic_frame_aware\10mbps_rtt10ms_loss1pct\summary.csv,completed,0,58.844,"{
  ""video_name"": ""echo_mediaelement"",
  ""policy_name"": ""heuristic_frame_aware"",
  ""bandwidth_mbps"": 10.0,
  ""repeat_count"": 1,
  ""output_directory"": ""/mnt/c/git/network/output/mininet_actual_experiment/echo_mediaelement/heuristic_frame_aware/10mbps_rtt10ms_loss1pct"",
  ""summary_csv"": ""/mnt/c/git/network/output/mininet_actual_experiment/echo_mediaelement/heuristic_frame_aware/10mbps_rtt10ms_loss1pct/summary.csv""
}
","2026-05-18 21:11:31,623 INFO __main__ - Starting repeat 1/1 for video=echo_mediaelement policy=heuristic_frame_aware bandwidth=10.0 Mbps
"
