frame_index,transport_protocol,receive_time_ns,payload_bytes
0,tcp,36033027409674,7126
1,tcp,36033098370444,2951
2,tcp,36033100403724,1324
3,tcp,36033147103554,2564
4,tcp,36033584630184,3251
5,tcp,36033584641614,4139
6,tcp,36033584643864,2440
7,tcp,36033584646114,6088
8,tcp,36033584647554,3429
9,tcp,36033584649624,3993
10,tcp,36033633046674,2220
11,tcp,36033681468204,4268
12,tcp,36033729935004,2857
13,tcp,36033826847454,4427
14,tcp,36033875245584,2178
15,tcp,36033972176304,8031
16,tcp,36034069061304,3478
17,tcp,36034141742154,5088
18,tcp,36034190160264,2605
19,tcp,36034262849574,5317
20,tcp,36034311269664,2629
21,tcp,36034359745464,4246
22,tcp,36034408205424,1851
23,tcp,36034456690404,4085
24,tcp,36034529360544,2343
25,tcp,36034601980554,4480
26,tcp,36034601990814,1876
27,tcp,36034723126044,5037
28,tcp,36034747383024,2183
29,tcp,36035231839794,4664
30,tcp,36035231854194,2465
31,tcp,36035231857164,4255
32,tcp,36035231859414,2042
33,tcp,36035231863914,4102
34,tcp,36035231867334,1533
35,tcp,36035231869314,3027
36,tcp,36035231873004,3115
37,tcp,36035231875794,4622
38,tcp,36035304476364,2320
39,tcp,36035377125804,5073
40,tcp,36035740554084,1988
41,tcp,36035740565154,5359
42,tcp,36035740568034,2131
43,tcp,36035740569654,4931
44,tcp,36035740571094,2732
45,tcp,36035910116334,4428
46,tcp,36035910130644,3389
47,tcp,36035910132264,3279
48,tcp,36035910134154,3740
49,tcp,36035958546414,3217
50,tcp,36036031227894,4028
51,tcp,36036079619184,2371
52,tcp,36036128094624,2436
53,tcp,36036176549544,4185
54,tcp,36036225017694,2159
55,tcp,36036467223444,4290
56,tcp,36036467234244,2630
57,tcp,36036588357954,5950
58,tcp,36036588369474,3556
59,tcp,36036588371094,2778
60,tcp,36036612580014,3923
61,tcp,36036661069944,3061
62,tcp,36036709460964,2639
63,tcp,36036782191134,4229
64,tcp,36036806402754,1706
65,tcp,36036830583684,2612
66,tcp,36036903258504,2969
67,tcp,36036975897324,3839
68,tcp,36037000159524,2293
69,tcp,36037024407144,3236
70,tcp,36037097103474,1934
71,tcp,36037145498364,2509
72,tcp,36037169764164,2052
73,tcp,36037193929614,1932
74,tcp,36037218177414,2657
75,tcp,36037315091394,5039
76,tcp,36037411965414,4184
77,tcp,36037678497534,5770
78,tcp,36037678516074,3327
79,tcp,36037678518414,2676
80,tcp,36037678521564,3355
81,tcp,36037823742684,5518
82,tcp,36037848050514,5540
83,tcp,36037924061544,2718
84,tcp,36037975612644,4300
85,tcp,36038024216334,3857
86,tcp,36038075845374,2434
87,tcp,36038124446364,3911
88,tcp,36038224670544,3408
89,tcp,36038247564384,3663
90,tcp,36038324768814,2477
91,tcp,36038371902984,4600
92,tcp,36038424985704,4391
93,tcp,36038565705654,6779
94,tcp,36038614102344,3160
95,tcp,36038662595604,4442
96,tcp,36038710992294,3054
97,tcp,36038783677014,3676
98,tcp,36038832127524,3280
99,tcp,36038953221984,5339
100,tcp,36039001672854,3531
101,tcp,36039074336964,4661
102,tcp,36039122805834,2686
103,tcp,36039195485424,5386
104,tcp,36039244618494,2883
105,tcp,36039317320494,4753
106,tcp,36039365737254,2403
107,tcp,36039462622164,3729
108,tcp,36039511102104,3365
109,tcp,36039559519764,3459
110,tcp,36039850189884,4287
111,tcp,36039850199604,2494
112,tcp,36039850202124,4133
113,tcp,36039850204194,2501
114,tcp,36039850205454,2423
115,tcp,36040044086604,3694
116,tcp,36040044097764,1856
117,tcp,36040044100914,3290
118,tcp,36040044103074,2799
119,tcp,36040144209804,4521
120,tcp,36040195879344,3241
121,tcp,36040244369004,3029
122,tcp,36040296087234,3231
123,tcp,36040344593544,4485
124,tcp,36040396304394,1964
125,tcp,36040462155954,3737
126,tcp,36040510564704,1892
127,tcp,36040562408844,3596
128,tcp,36040610772774,2148
129,tcp,36040655905074,3930
130,tcp,36040704389964,1974
131,tcp,36040752802674,4237
132,tcp,36040801253184,2749
133,tcp,36040849696404,3609
134,tcp,36040898151594,2799
135,tcp,36040998354534,3490
136,tcp,36041021215524,2672
137,tcp,36041069658564,4591
138,tcp,36041118105114,2597
139,tcp,36041190789654,4477
140,tcp,36041240388654,2789
141,tcp,36041313042054,4379
142,tcp,36041361539994,2370
143,tcp,36041434140024,4484
144,tcp,36041482614384,2258
145,tcp,36041555332764,3655
146,tcp,36041555347074,1926
147,tcp,36041603912334,2476
148,tcp,36041700617694,3506
149,tcp,36041700627504,2822
150,tcp,36041797504494,3880
151,tcp,36041821744374,3359
152,tcp,36041870186244,2232
153,tcp,36041967113814,4665
154,tcp,36042015609234,3746
155,tcp,36042330445704,3162
156,tcp,36042330456324,2820
157,tcp,36042330458394,3572
158,tcp,36042330459924,3384
159,tcp,36042354682434,3343
160,tcp,36042403096494,2636
161,tcp,36042427391004,3045
162,tcp,36042500119374,2747
163,tcp,36042524309214,3002
164,tcp,36042572726874,2592
165,tcp,36042645359844,4288
166,tcp,36042693914934,2519
167,tcp,36042790728294,5246
168,tcp,36042839161614,3109
169,tcp,36042911825544,3818
170,tcp,36042960262104,2287
171,tcp,36043008722334,3136
172,tcp,36043057163754,3647
173,tcp,36043105605534,2411
174,tcp,36043129859094,3070
175,tcp,36043420513824,3584
176,tcp,36043420522824,2316
177,tcp,36043420524894,3882
178,tcp,36043420525974,1891
179,tcp,36043420527864,3159
180,tcp,36043468951824,2010
181,tcp,36043517428344,3714
182,tcp,36043565848344,2931
183,tcp,36043614320004,2580
184,tcp,36043687027764,4616
185,tcp,36043738708194,2952
186,tcp,36043783913664,2165
187,tcp,36043832341764,3111
188,tcp,36043832352114,1924
189,tcp,36043953448824,6647
190,tcp,36044050337424,5394
191,tcp,36044098813494,2819
192,tcp,36044171457174,5458
193,tcp,36044244174924,3306
194,tcp,36044292657114,3166
195,tcp,36044389496304,5491
196,tcp,36044437939074,2816
197,tcp,36044486361504,3940
198,tcp,36044534819664,2951
199,tcp,36044583263424,2934
200,tcp,36044680145634,4531
201,tcp,36044728616934,3496
202,tcp,36044777099574,3596
203,tcp,36045019324674,3298
204,tcp,36045019335654,2134
205,tcp,36045019337814,5293
206,tcp,36045019339344,2990
207,tcp,36045116170794,4484
208,tcp,36045140437584,2977
209,tcp,36045237304674,3949
210,tcp,36045237314124,2340
211,tcp,36045334203354,3228
212,tcp,36045382702914,2792
213,tcp,36045431159544,5501
214,tcp,36045673372404,2840
215,tcp,36045673385634,5763
216,tcp,36045673392114,4007
217,tcp,36045697746474,3079
218,tcp,36045773535924,2798
219,tcp,36045844816194,3973
220,tcp,36045893225124,2643
221,tcp,36045917539524,3867
222,tcp,36046014375384,3547
223,tcp,36046014385284,2266
224,tcp,36046338221034,4032
225,tcp,36046382949144,1812
226,tcp,36046382962824,3379
227,tcp,36046382966334,3120
228,tcp,36046382969034,2586
229,tcp,36046460221974,4492
230,tcp,36046483104744,1986
231,tcp,36046583254494,4621
232,tcp,36046609833204,2696
233,tcp,36046683534204,4415
234,tcp,36046755231444,3050
235,tcp,36046803667014,3224
236,tcp,36046827859374,3793
237,tcp,36046900618704,2306
238,tcp,36047096338104,3234
239,tcp,36047123772174,3464
240,tcp,36047123786214,2374
241,tcp,36047144755494,4712
242,tcp,36047196446814,2875
243,tcp,36047273479434,4779
244,tcp,36047323999134,3194
245,tcp,36047373683814,3458
246,tcp,36047424183444,2434
247,tcp,36047492212194,4270
248,tcp,36047540639574,2913
249,tcp,36047564987724,3367
250,tcp,36047661771744,3111
251,tcp,36047858883084,4403
252,tcp,36047858897574,2369
253,tcp,36047858900274,4618
254,tcp,36048159355194,2774
255,tcp,36048159370314,4088
256,tcp,36048359618514,2213
257,tcp,36048459821724,5082
258,tcp,36048798254214,3250
259,tcp,36048968329104,2596
260,tcp,36048991161384,4279
261,tcp,36049068516114,2138
262,tcp,36049168771074,4041
263,tcp,36049168780164,2132
264,tcp,36049369199544,3117
265,tcp,36049469369814,3507
266,tcp,36049492182024,3516
267,tcp,36049569539184,3004
268,tcp,36049669846434,3239
269,tcp,36049770064944,3945
270,tcp,36049832320284,2033
271,tcp,36049870332684,3525
272,tcp,36050070700854,4133
273,tcp,36050170848444,2642
274,tcp,36050193694764,3469
275,tcp,36050271044904,2129
276,tcp,36050371310304,3274
277,tcp,36050371320834,2317
278,tcp,36050471548884,2991
279,tcp,36050571834354,5735
280,tcp,36050672087694,3006
281,tcp,36050743357434,5240
282,tcp,36050816064654,3661
283,tcp,36050872517154,3117
284,tcp,36050872527324,2001
285,tcp,36050937303474,3657
286,tcp,36050985640314,2878
287,tcp,36051037428924,3482
288,tcp,36051106723884,3778
289,tcp,36051179442174,2632
290,tcp,36051227872074,3508
291,tcp,36051276335994,2930
292,tcp,36051300530064,2472
293,tcp,36051373218654,4183
294,tcp,36051421699764,1833
295,tcp,36051470087634,3303
296,tcp,36051470098434,1564
297,tcp,36051739804494,3183
298,tcp,36051739815654,5034
299,tcp,36051760801674,2458
300,tcp,36051840150984,4470
301,tcp,36051891581034,2989
302,tcp,36051914466234,2515
303,tcp,36051991671834,3693
304,tcp,36052038754074,2379
305,tcp,36052087197924,3118
306,tcp,36052111427634,1585
307,tcp,36052159930074,4164
308,tcp,36052232586534,3099
309,tcp,36052426417104,7883
310,tcp,36052453814004,5098
311,tcp,36052553932794,3781
312,tcp,36052626702744,3610
313,tcp,36052649578314,2044
314,tcp,36052726876704,4700
315,tcp,36052773983244,2763
316,tcp,36052843354794,5236
317,tcp,36052891826184,3150
318,tcp,36052943489514,2402
319,tcp,36052988739714,4598
320,tcp,36053037161064,3024
321,tcp,36053137339614,4748
322,tcp,36053182499724,2423
323,tcp,36053230965444,3122
324,tcp,36053279413164,3921
325,tcp,36053352105084,2102
326,tcp,36053400515904,5043
327,tcp,36053448959034,3147
328,tcp,36053545839174,3082
329,tcp,36053618532264,5639
330,tcp,36053885011914,3102
331,tcp,36053909292744,3638
332,tcp,36053909308854,3711
333,tcp,36053909311734,2934
334,tcp,36053985115674,3961
335,tcp,36054006091074,3183
336,tcp,36054054607734,3978
337,tcp,36054103026564,2235
338,tcp,36054130480434,3261
339,tcp,36054345294954,5869
340,tcp,36054345308454,3057
341,tcp,36054372721104,4255
342,tcp,36054396890154,2634
343,tcp,36054497053764,3960
344,tcp,36054519943014,2441
345,tcp,36054597201264,4127
346,tcp,36054797490954,2448
347,tcp,36054797504724,4848
348,tcp,36054897584094,3078
349,tcp,36054997780914,5106
350,tcp,36055098241884,3396
351,tcp,36055164522474,2857
352,tcp,36055211659884,5558
353,tcp,36055264725054,3581
354,tcp,36055311858684,3285
355,tcp,36055356944994,644
356,tcp,36055381200894,2811
357,tcp,36056086341714,4524
358,tcp,36056109214224,2391
359,tcp,36056286589014,5674
360,tcp,36056286598824,3091
361,tcp,36056462230674,3059
362,tcp,36056530740924,3975
363,tcp,36056630945124,2224
364,tcp,36056753969994,5510
365,tcp,36056831235984,3379
366,tcp,36056854180404,2571
367,tcp,36057154492944,5496
368,tcp,36057154502214,2347
369,tcp,36057254644494,4707
370,tcp,36057324283524,1651
371,tcp,36057447337014,4608
372,tcp,36057524705334,2342
373,tcp,36057624923304,4551
374,tcp,36057725129934,2639
375,tcp,36057747969054,4134
376,tcp,36057825341424,2610
377,tcp,36057925601874,5069
378,tcp,36057925615374,2309
379,tcp,36057990269214,4759
380,tcp,36058259911284,3776
381,tcp,36058290260004,2539
382,tcp,36058335880554,4033
383,tcp,36058335890274,2758
384,tcp,36058390330464,3537
385,tcp,36058436106984,2096
386,tcp,36058536177894,4271
387,tcp,36058561833294,1770
388,tcp,36058590715374,2830
389,tcp,36058636451214,3862
390,tcp,36058731441714,3472
391,tcp,36058731456024,2697
392,tcp,36058828317264,3314
393,tcp,36058876728084,3144
394,tcp,36058925140074,3310
395,tcp,36058973592924,2397
396,tcp,36059022091494,3307
397,tcp,36059070493404,2409
398,tcp,36059118976224,3963
399,tcp,36059167437984,2485
400,tcp,36059215841874,4441
401,tcp,36059288614974,2057
402,tcp,36059336957394,4257
403,tcp,36059385428244,3227
404,tcp,36059433850404,2567
405,tcp,36059506531254,4109
406,tcp,36059554979334,2045
407,tcp,36059627666394,4122
408,tcp,36059676103314,2423
409,tcp,36059724539244,3079
410,tcp,36059748774444,2583
411,tcp,36059797241604,3348
412,tcp,36059845633434,2275
413,tcp,36059918405004,3662
414,tcp,36059918422554,2177
415,tcp,36060184792674,3580
416,tcp,36060184803294,3650
417,tcp,36060184804734,1950
418,tcp,36060184806174,2188
419,tcp,36060257455884,3259
420,tcp,36060257466414,2320
421,tcp,36060330146094,4062
422,tcp,36060378585174,2694
423,tcp,36060451313094,2731
424,tcp,36060499840824,3506
425,tcp,36060572426184,3597
426,tcp,36060572441124,2394
427,tcp,36060620873724,1937
428,tcp,36060693584454,3051
429,tcp,36060863058954,10888
430,tcp,36060959950074,5323
431,tcp,36061056836064,5659
432,tcp,36061081132734,3623
433,tcp,36061178018274,3203
434,tcp,36061226514144,3072
435,tcp,36061517096514,3642
436,tcp,36061541319654,2503
437,tcp,36061541331084,5080
438,tcp,36061541332524,2784
439,tcp,36061565554764,4175
440,tcp,36061638309054,3411
441,tcp,36061710902874,4161
442,tcp,36061759339434,3043
443,tcp,36061783609284,4094
444,tcp,36061856235774,1496
445,tcp,36061856246124,2226
446,tcp,36061928924364,3454
447,tcp,36062001580194,4784
448,tcp,36062050049964,2821
449,tcp,36062147002824,4333
450,tcp,36062171188344,2431
451,tcp,36062243878554,3564
452,tcp,36062243892234,2148
453,tcp,36062364932064,5087
454,tcp,36062655686964,2645
455,tcp,36062655700284,4456
456,tcp,36062655702624,1819
457,tcp,36062655706134,3908
458,tcp,36062655708294,2547
459,tcp,36062728341714,6075
460,tcp,36062752552254,3073
461,tcp,36062875649574,5643
462,tcp,36062875662984,2434
463,tcp,36062972541684,5186
464,tcp,36063045176454,2544
465,tcp,36063093672324,4301
466,tcp,36063166305564,2877
467,tcp,36063214785234,3766
468,tcp,36063263203074,2514
469,tcp,36063335880144,3887
470,tcp,36063335890314,1788
471,tcp,36063384319314,2803
472,tcp,36063675040014,4062
473,tcp,36063675059274,3631
474,tcp,36063675061884,2812
475,tcp,36063699286374,4685
476,tcp,36063750860154,4124
477,tcp,36063941482854,2239
478,tcp,36064017381564,4486
479,tcp,36064017391554,2393
480,tcp,36064064449854,3181
481,tcp,36064117521054,3096
482,tcp,36064188853074,4312
483,tcp,36064217762154,2551
484,tcp,36064418106294,5022
485,tcp,36064418117814,2908
486,tcp,36064596260934,4980
487,tcp,36064596270114,2446
488,tcp,36064696458924,5587
489,tcp,36064796710644,3086
490,tcp,36064867985694,3414
491,tcp,36064868063364,2230
492,tcp,36064964927124,4457
493,tcp,36065013399774,3406
494,tcp,36065061809154,2120
495,tcp,36065110263624,4480
496,tcp,36065158664274,2102
497,tcp,36065255554854,4081
498,tcp,36065255564664,2692
499,tcp,36065307412764,2803
500,tcp,36065400933744,3204
501,tcp,36065400948234,1942
502,tcp,36065552799294,5576
503,tcp,36065552813784,2722
504,tcp,36065652891534,5040
505,tcp,36065753038224,2998
506,tcp,36065775880494,4030
507,tcp,36065853154314,2743
508,tcp,36065897062794,2843
509,tcp,36065953293804,3498
510,tcp,36066018161394,3170
511,tcp,36066018171564,2254
512,tcp,36066118309524,3274
513,tcp,36066165371244,2518
514,tcp,36066213848304,4816
515,tcp,36066262265694,2672
516,tcp,36066359166804,3585
517,tcp,36066407629734,2743
518,tcp,36066733486614,4347
519,tcp,36066733501194,1980
520,tcp,36066733507494,2716
521,tcp,36066733511274,2567
522,tcp,36066733514154,3628
523,tcp,36066756294144,4144
524,tcp,36066833552214,2399
525,tcp,36066856511664,3249
526,tcp,36066932316774,2577
527,tcp,36066956696244,2658
528,tcp,36067032553734,4411
529,tcp,36067100603634,3414
530,tcp,36067100619474,1552
531,tcp,36067149041184,3273
532,tcp,36067197489714,1382
533,tcp,36067270106304,4025
534,tcp,36067294334214,2045
535,tcp,36067342803534,4100
536,tcp,36067391216424,1238
537,tcp,36067463896374,3747
538,tcp,36067463905734,1124
539,tcp,36067512415194,3409
540,tcp,36067560794424,2398
541,tcp,36067633461684,3897
542,tcp,36067633473654,1191
543,tcp,36067730363424,4493
544,tcp,36067730373954,1627
545,tcp,36067827273354,3601
546,tcp,36068434239924,2077
547,tcp,36068534376084,3559
548,tcp,36068534387334,3119
549,tcp,36068534389044,2125
550,tcp,36068634580284,1992
551,tcp,36068657416974,3183
552,tcp,36068734693854,3360
553,tcp,36068834858454,5103
554,tcp,36068934967074,4086
555,tcp,36068982081174,4221
556,tcp,36068982095124,2335
557,tcp,36069035104044,2270
558,tcp,36069103236384,4293
559,tcp,36069175841184,3823
560,tcp,36069275920104,5766
561,tcp,36069321219264,3344
562,tcp,36069418078704,4264
563,tcp,36069490759734,4492
564,tcp,36069539203944,2474
565,tcp,36069539214114,1635
566,tcp,36069587658144,3087
567,tcp,36069636110634,3216
568,tcp,36069757216164,5751
569,tcp,36069829951284,3629
570,tcp,36069829965864,2284
571,tcp,36069926792274,4280
572,tcp,36069975230004,2654
573,tcp,36070023766374,3765
574,tcp,36070072168914,3639
575,tcp,36070120623204,3136
576,tcp,36070193280294,2853
577,tcp,36070241700474,4785
578,tcp,36070290145134,1479
579,tcp,36070338595644,3576
580,tcp,36070387088814,2717
581,tcp,36070556616954,10391
582,tcp,36070629272874,4959
583,tcp,36070750469484,4398
584,tcp,36070750480824,2581
585,tcp,36070847312544,4118
586,tcp,36071162199864,3050
587,tcp,36071162210394,5259
588,tcp,36071162212644,2836
589,tcp,36071162214264,4131
590,tcp,36071162215974,2354
591,tcp,36071404493814,3876
592,tcp,36071431904214,5402
593,tcp,36071431922034,3573
594,tcp,36071480299914,2621
595,tcp,36071556178104,2870
596,tcp,36071580448674,2360
597,tcp,36071656333524,6670
598,tcp,36071724447054,2919
599,tcp,36071772847884,3765
600,tcp,36071869738914,3740
601,tcp,36071894000574,2135
602,tcp,36071942462694,3869
603,tcp,36071994170844,3708
604,tcp,36072039351474,3194
605,tcp,36072136209114,3796
606,tcp,36072184687614,3127
607,tcp,36072233112204,4196
608,tcp,36072281541924,1448
609,tcp,36072330000264,3352
610,tcp,36072402687954,3402
611,tcp,36072451132974,2777
612,tcp,36072499588254,4087
613,tcp,36072548056404,2467
614,tcp,36072620703504,4156
615,tcp,36072669136464,2647
616,tcp,36072741796344,3950
617,tcp,36072741806424,2503
618,tcp,36072911390274,8114
619,tcp,36072935611344,3413
620,tcp,36073032528204,3738
621,tcp,36073080933444,3448
622,tcp,36073129415184,2287
623,tcp,36073202069664,4672
624,tcp,36073250519364,2922
625,tcp,36073298983914,4302
626,tcp,36073347457734,2132
627,tcp,36073444294224,4112
628,tcp,36073444303674,2115
629,tcp,36073541213694,3972
630,tcp,36073541224404,2456
631,tcp,36073807718994,4720
632,tcp,36073807729344,2532
633,tcp,36073807731594,4300
634,tcp,36073807733124,2078
635,tcp,36073856133234,5108
636,tcp,36074146773744,3794
637,tcp,36074171015154,2411
638,tcp,36074171024784,4287
639,tcp,36074195230104,4125
640,tcp,36074316394854,8033
641,tcp,36074368086804,2898
642,tcp,36074510181774,9663
643,tcp,36074558627244,1423
644,tcp,36074631278124,6063
645,tcp,36074703954294,3817
646,tcp,36074752455924,1787
647,tcp,36074825117154,4615
648,tcp,36074825132274,1698
649,tcp,36074925352134,3418
650,tcp,36074925367434,2554
651,tcp,36075043098684,5295
652,tcp,36075091562784,2292
653,tcp,36075140080434,5044
654,tcp,36075188466594,1888
655,tcp,36075285391914,4945
656,tcp,36075285405954,2278
657,tcp,36075551871924,5303
658,tcp,36075551885514,1541
659,tcp,36075576048174,4283
660,tcp,36075576057714,1717
661,tcp,36075648677634,4932
662,tcp,36075672933894,2591
663,tcp,36075796053984,5734
664,tcp,36075868681104,3113
665,tcp,36075941322714,5381
666,tcp,36075989805714,2247
667,tcp,36076038208254,3673
668,tcp,36076062441744,2159
669,tcp,36076159363194,4487
670,tcp,36076159373454,1613
671,tcp,36076256231094,4108
672,tcp,36076256241354,1585
673,tcp,36076353121854,3931
674,tcp,36076353131484,2153
675,tcp,36076598634294,4339
676,tcp,36076598650134,2185
677,tcp,36076598652654,3441
678,tcp,36076643852724,2449
679,tcp,36076916799324,4897
680,tcp,36076916809674,2259
681,tcp,36077017138974,5373
682,tcp,36077041432134,2378
683,tcp,36077141611314,4510
684,tcp,36077165749044,2308
685,tcp,36077241781584,5238
686,tcp,36077294944494,1789
687,tcp,36077359538664,4088
688,tcp,36077359549104,1591
689,tcp,36077408068914,2814
690,tcp,36077590153674,2150
691,tcp,36077608390194,4066
692,tcp,36077608401624,1934
693,tcp,36077661068634,5060
694,tcp,36077690321154,1861
695,tcp,36077808630654,5813
696,tcp,36077832486774,3186
697,tcp,36077908881024,5234
698,tcp,36078009073074,1820
699,tcp,36078032071134,4500
700,tcp,36078298433964,3166
701,tcp,36078298449624,2238
702,tcp,36078298452864,3394
703,tcp,36078298455024,1868
704,tcp,36078322643784,3153
705,tcp,36078350055264,2229
706,tcp,36078398592894,2885
707,tcp,36078576250734,2802
708,tcp,36078623347464,3311
709,tcp,36078671771064,2462
710,tcp,36078696077724,2755
711,tcp,36078919298064,2977
712,tcp,36078996609594,2224
713,tcp,36078996622194,2854
714,tcp,36078996625344,3406
715,tcp,36079019426574,2348
716,tcp,36079096872204,2915
717,tcp,36079119615204,3026
718,tcp,36079143897294,2042
719,tcp,36079219834524,3673
720,tcp,36079242650154,2119
721,tcp,36079319943954,3116
722,tcp,36079319954574,1890
723,tcp,36079367019894,3487
724,tcp,36079436435544,2704
725,tcp,36079436445714,1589
726,tcp,36079536573594,3291
727,tcp,36079536587094,2639
728,tcp,36079581753684,2184
729,tcp,36079630248474,3611
730,tcp,36079678698354,2120
731,tcp,36079778852694,5394
732,tcp,36079824068244,2908
733,tcp,36079872429564,2244
734,tcp,36079896689244,1211
735,tcp,36079945121754,2740
736,tcp,36079945131924,1055
737,tcp,36079993551024,3536
738,tcp,36080138914344,7009
739,tcp,36080163145224,2757
740,tcp,36080284355154,6233
741,tcp,36080332732944,2909
742,tcp,36080405362854,5817
743,tcp,36080720337474,3641
744,tcp,36080720350344,4525
745,tcp,36080720353674,2888
746,tcp,36080720356464,3742
747,tcp,36080748884304,3242
748,tcp,36080817176664,3407
749,tcp,36080889891624,4235
750,tcp,36080938298664,2688
751,tcp,36080986750254,3152
752,tcp,36081035210934,3863
753,tcp,36081083640474,2100
754,tcp,36081156426714,4308
755,tcp,36081204766434,2892
756,tcp,36081277489854,4548
757,tcp,36081325887804,2753
758,tcp,36081398560464,4961
759,tcp,36081495439074,5263
760,tcp,36081543909204,2631
761,tcp,36081592401114,4391
762,tcp,36081665075574,2170
763,tcp,36081713523474,4961
764,tcp,36081761925204,2827
765,tcp,36081859166244,3725
766,tcp,36081907248744,2894
767,tcp,36081931495104,3432
768,tcp,36081979953174,2547
769,tcp,36082077551064,4828
770,tcp,36082077566904,1898
771,tcp,36082174462434,4278
772,tcp,36082198604934,1669
773,tcp,36082295541144,4614
774,tcp,36082295558874,2116
775,tcp,36082392419394,4112
776,tcp,36082440888174,2678
777,tcp,36082465082064,3685
778,tcp,36082537776504,3104
779,tcp,36082586254644,2587
780,tcp,36082634642874,4362
781,tcp,36082683107694,2609
782,tcp,36082755815814,3527
783,tcp,36082828504404,2983
784,tcp,36082876962114,4004
785,tcp,36082925332884,2897
786,tcp,36082998208134,2965
787,tcp,36083070708624,4650
788,tcp,36083119144554,2805
789,tcp,36083191868424,5126
790,tcp,36083240316234,3197
791,tcp,36083264558814,2798
792,tcp,36083385594324,5848
793,tcp,36083434120074,3727
794,tcp,36083482546554,1967
795,tcp,36083530985544,3712
796,tcp,36083579362884,2040
797,tcp,36083652111144,3957
798,tcp,36083700504684,2745
799,tcp,36083773194174,3934
800,tcp,36083773203534,2099
801,tcp,36083870087544,3772
802,tcp,36083870097534,1834
803,tcp,36083942775324,4866
804,tcp,36083991197034,2925
805,tcp,36084088140894,4618
806,tcp,36084136546944,2627
807,tcp,36084524171814,3700
808,tcp,36084524185494,2176
809,tcp,36084524188104,3096
810,tcp,36084524190984,2456
811,tcp,36084524193144,4420
812,tcp,36084524195754,2068
813,tcp,36084572614224,5729
814,tcp,36084621037644,2922
815,tcp,36085060344834,5735
816,tcp,36085060358784,2233
817,tcp,36085060365984,3977
818,tcp,36085060368234,1522
819,tcp,36085060371024,3476
820,tcp,36085060373094,1290
821,tcp,36085081311594,5109
822,tcp,36085153959864,2181
823,tcp,36085178161134,5795
824,tcp,36085226623344,3593
825,tcp,36085302479934,3730
826,tcp,36085326730704,1655
827,tcp,36085525585074,3119
828,tcp,36085525595154,3247
829,tcp,36085525596594,2839
830,tcp,36085549852584,4131
831,tcp,36085696277904,3148
832,tcp,36085868301024,3323
833,tcp,36085891158594,2634
834,tcp,36085991386644,2323
835,tcp,36086014239174,4323
836,tcp,36086091627564,2008
837,tcp,36086114486574,3774
838,tcp,36086191831404,1551
839,tcp,36086214669714,3601
840,tcp,36086339125314,4082
841,tcp,36086361970734,2647
842,tcp,36086439334554,3934
843,tcp,36086483083644,3221
844,tcp,36086507365734,2925
845,tcp,36086630420664,4445
846,tcp,36086678851734,3403
847,tcp,36086727359124,3457
848,tcp,36086775762114,2058
849,tcp,36086824209024,4478
850,tcp,36086896922994,3511
851,tcp,36086993846874,4882
852,tcp,36087042247524,3348
853,tcp,36087114918024,3438
854,tcp,36087332941224,3312
855,tcp,36087332954274,2904
856,tcp,36087332956344,3326
857,tcp,36087332957874,3582
858,tcp,36087510039894,9288
859,tcp,36087605574804,6375
860,tcp,36087629772474,3193
861,tcp,36087726706704,5971
862,tcp,36087823546974,4137
863,tcp,36087896240154,4195
864,tcp,36087896251674,2000
865,tcp,36087993199134,3151
866,tcp,36088041594294,3206
867,tcp,36088090145514,3022
868,tcp,36088138560924,4194
869,tcp,36088235436204,4445
870,tcp,36088235452224,2361
871,tcp,36088332338574,4471
872,tcp,36088380781974,2722
873,tcp,36088453412424,3379
874,tcp,36088477672644,2988
875,tcp,36088574581224,5391
876,tcp,36088622957754,2489
877,tcp,36088671407994,4447
878,tcp,36088719883254,2538
879,tcp,36088962135264,3883
880,tcp,36088962153174,3069
881,tcp,36088962156324,3898
882,tcp,36088962158664,2432
883,tcp,36089132807484,3511
884,tcp,36089184420864,2687
885,tcp,36089184431214,3543
886,tcp,36089208664344,1981
887,tcp,36089384284584,3769
888,tcp,36089407170144,2817
889,tcp,36089484431994,4610
890,tcp,36089760389364,2497
891,tcp,36089960698764,5270
892,tcp,36089990571744,3008
893,tcp,36090060839064,3613
894,tcp,36090160916814,3214
895,tcp,36090261197064,3163
896,tcp,36090261210744,2554
897,tcp,36090361374534,4173
898,tcp,36090384273954,2160
899,tcp,36090408504564,3986
900,tcp,36090461655054,2442
901,tcp,36090578063934,5239
902,tcp,36090626501034,3321
903,tcp,36090626512734,1591
904,tcp,36090723386664,4121
905,tcp,36090747640494,2618
906,tcp,36090820274544,4499
907,tcp,36090868729644,2522
908,tcp,36090941404914,2752
909,tcp,36090989878194,3937
910,tcp,36091014062544,1439
911,tcp,36091062504414,3650
912,tcp,36091110983094,2295
913,tcp,36091207864404,4925
914,tcp,36091232111844,2367
915,tcp,36091280592504,4230
916,tcp,36091377466164,3372
917,tcp,36091377478944,2512
918,tcp,36091474352514,4164
919,tcp,36091522817694,2401
920,tcp,36091571233734,3367
921,tcp,36091619699814,3919
922,tcp,36091910381094,3008
923,tcp,36091910396574,4627
924,tcp,36091910399184,1297
925,tcp,36091910401254,1111
926,tcp,36091910403684,1378
927,tcp,36091934608554,2611
928,tcp,36091983071124,4850
929,tcp,36092080065474,4382
930,tcp,36092080082394,1110
931,tcp,36092176827804,5109
932,tcp,36092176837794,1411
933,tcp,36092249541864,4302
934,tcp,36092297957724,1633
935,tcp,36092564430264,4534
936,tcp,36092564439624,1893
937,tcp,36092564441334,3420
938,tcp,36092617212744,1671
939,tcp,36092617222104,4817
940,tcp,36092637102654,1410
941,tcp,36092709878274,4717
942,tcp,36092734012584,1891
943,tcp,36092809844154,5577
944,tcp,36092855110464,1474
945,tcp,36093079744254,5368
946,tcp,36093079754154,2192
947,tcp,36093079756134,4728
948,tcp,36093079757484,2302
949,tcp,36093179965104,4994
950,tcp,36093268279854,2803
951,tcp,36093568820724,5097
952,tcp,36093568830894,2421
953,tcp,36093568832964,4092
954,tcp,36093591656334,978
955,tcp,36093668945994,2188
956,tcp,36093691870614,3227
957,tcp,36093892237344,1879
958,tcp,36093915060714,5509
959,tcp,36094056314904,3238
960,tcp,36094286250054,2252
961,tcp,36094286264004,3869
962,tcp,36094386417624,3032
963,tcp,36094586841324,3659
964,tcp,36094586851044,2658
965,tcp,36094687045974,5454
966,tcp,36094787246574,3826
967,tcp,36094810113684,2915
968,tcp,36094887436734,3353
969,tcp,36094887446454,1696
970,tcp,36094987612224,3322
971,tcp,36094987622754,2105
972,tcp,36095034747924,3365
973,tcp,36095087772684,1964
974,tcp,36095134924764,3496
975,tcp,36095180062644,2377
976,tcp,36095252705064,4481
977,tcp,36095276986614,2353
978,tcp,36095377108104,5605
979,tcp,36095422283694,2948
980,tcp,36095543410014,6913
981,tcp,36095640338574,4924
982,tcp,36095640350904,2486
983,tcp,36095761470834,5056
984,tcp,36095761484604,2266
985,tcp,36095858295174,3924
986,tcp,36095882585904,1909
987,tcp,36095979431664,4537
988,tcp,36096003711864,1765
989,tcp,36096052138614,3712
990,tcp,36096318631674,2541
991,tcp,36096318647064,5182
992,tcp,36096318648864,1844
993,tcp,36096318650304,3977
994,tcp,36096342780384,2076
995,tcp,36096866507664,5511
996,tcp,36096889467924,2012
997,tcp,36096889482684,5927
998,tcp,36096913600164,2631
999,tcp,36097013753154,5137
1000,tcp,36097066781784,2999
1001,tcp,36097234977204,5344
1002,tcp,36097234988364,2426
1003,tcp,36097335095094,5067
1004,tcp,36097359364314,1250
1005,tcp,36097414228584,3741
1006,tcp,36097461298404,1821
1007,tcp,36097514393274,2779
1008,tcp,36097614586134,5156
1009,tcp,36097637443884,2878
1010,tcp,36097714803024,5693
1011,tcp,36097815033144,3575
1012,tcp,36097837924734,2088
1013,tcp,36097938131814,5106
1014,tcp,36097961020884,2446
1015,tcp,36098082106254,6225
1016,tcp,36098138545794,3105
1017,tcp,36098227467684,4188
1018,tcp,36098227483614,2592
1019,tcp,36098372751084,6389
1020,tcp,36098421241374,3043
1021,tcp,36098493925284,4444
1022,tcp,36098493942744,1872
1023,tcp,36098590828194,4703
1024,tcp,36098639286984,2438
1025,tcp,36098711903574,4670
1026,tcp,36098736191874,2920
1027,tcp,36098833052034,3808
1028,tcp,36098881462674,2695
1029,tcp,36098929953594,4641
1030,tcp,36098978360454,3267
1031,tcp,36099075238704,3154
1032,tcp,36099123671034,3040
1033,tcp,36099147927744,3058
1034,tcp,36099196368984,3725
1035,tcp,36099244831644,2623
1036,tcp,36099777812994,3456
1037,tcp,36099777825954,3258
1038,tcp,36099777828024,2056
1039,tcp,36099777830724,3596
1040,tcp,36099777832524,2234
1041,tcp,36099777834774,3623
1042,tcp,36099777837114,2360
1043,tcp,36099826194294,3484
1044,tcp,36099826205634,3387
1045,tcp,36099826207524,2331
1046,tcp,36099850469994,3634
1047,tcp,36099898872714,2288
1048,tcp,36099971542674,3038
1049,tcp,36099998981064,3330
1050,tcp,36100099191474,2058
1051,tcp,36100122012414,3691
1052,tcp,36100170406584,1821
1053,tcp,36100199286144,3096
1054,tcp,36100291526064,5421
1055,tcp,36100364248404,3236
1056,tcp,36100436873814,5084
1057,tcp,36100485341064,2765
1058,tcp,36100557986724,5039
1059,tcp,36100630664694,2824
1060,tcp,36100753761384,5889
1061,tcp,36100802212434,3647
1062,tcp,36100850653134,1985
1063,tcp,36100899120564,4134
1064,tcp,36100947516894,2499
1065,tcp,36100995943464,3647
1066,tcp,36101044459764,2243
1067,tcp,36101092835214,4429
1068,tcp,36101141308134,2008
1069,tcp,36101189784024,3263
1070,tcp,36101238186474,3606
1071,tcp,36101286635364,2378
1072,tcp,36101335107564,3518
1073,tcp,36101383528554,2128
1074,tcp,36101432042064,3656
1075,tcp,36101480438934,2415
1076,tcp,36101577294324,3836
1077,tcp,36101601545634,1519
1078,tcp,36101649991914,3620
1079,tcp,36101698466724,2359
1080,tcp,36101746900854,3155
1081,tcp,36101795351544,2395
1082,tcp,36101843792604,3789
1083,tcp,36101868046884,1412
1084,tcp,36101916509724,3297
1085,tcp,36101964926394,2065
1086,tcp,36102037640274,4230
1087,tcp,36102086065134,3871
1088,tcp,36102134493594,1515
1089,tcp,36102158708454,3111
1090,tcp,36102279812184,5132
1091,tcp,36102279821634,2086
1092,tcp,36102376724994,5924
1093,tcp,36102425170644,3092
1094,tcp,36102473621784,3122
1095,tcp,36102570494454,3264
1096,tcp,36102594743334,2272
1097,tcp,36102643234794,1941
1098,tcp,36102788554824,9615
1099,tcp,36102837019104,4068
1100,tcp,36103176112284,2333
1101,tcp,36103200346944,5663
1102,tcp,36103200356574,2271
1103,tcp,36103200358734,5627
1104,tcp,36103200359904,2263
1105,tcp,36103420251954,4766
1106,tcp,36103420261224,2975
1107,tcp,36103473279234,4179
1108,tcp,36103496155794,2442
1109,tcp,36103520335374,5161
1110,tcp,36103573445004,2235
1111,tcp,36103673632464,4902
1112,tcp,36103696553664,2306
1113,tcp,36103744948464,3991
1114,tcp,36103773820104,1781
1115,tcp,36103841873424,2878
1116,tcp,36103938728184,6369
1117,tcp,36104035666284,5299
1118,tcp,36104231324664,3225
1119,tcp,36104258843154,4263
1120,tcp,36104258858274,3760
1121,tcp,36104279800644,3800
1122,tcp,36104331471984,2042
1123,tcp,36104408546904,3078
1124,tcp,36104459035464,2777
1125,tcp,36104481844344,2855
1126,tcp,36104508759564,3295
1127,tcp,36104603038794,4813
1128,tcp,36104627239614,2331
1129,tcp,36104748349644,5533
1130,tcp,36104796796104,2752
1131,tcp,36104821039674,2972
1132,tcp,36104944107654,6101
1133,tcp,36104944118094,2318
1134,tcp,36105040979604,5644
1135,tcp,36105113658294,2954
1136,tcp,36105162144984,4068
1137,tcp,36105258999294,3799
1138,tcp,36105259010004,1849
1139,tcp,36105380124174,5797
1140,tcp,36105428641104,2962
1141,tcp,36105670834794,3569
1142,tcp,36105695073684,4055
1143,tcp,36105823654524,2731
1144,tcp,36105823667124,3038
1145,tcp,36105823670544,3550
1146,tcp,36105823672704,2560
1147,tcp,36105896383974,4600
1148,tcp,36105923792304,3328
1149,tcp,36106046855604,3767
1150,tcp,36106046866584,2163
1151,tcp,36106143826554,4112
1152,tcp,36106192204164,3080
1153,tcp,36106240682304,2955
1154,tcp,36106313380074,3701
1155,tcp,36106361779284,2748
1156,tcp,36106410244644,3984
1157,tcp,36106458669504,2424
1158,tcp,36106531337124,3799
1159,tcp,36106531347114,2399
1160,tcp,36106628224734,4363
1161,tcp,36106676697744,2732
1162,tcp,36106700974254,2493
1163,tcp,36106918963164,11292
1164,tcp,36107015887584,6871
1165,tcp,36107161163514,7250
1166,tcp,36107258064264,6192
1167,tcp,36107548735464,5916
1168,tcp,36107573013414,4217
1169,tcp,36107573027634,4536
1170,tcp,36107573030784,4341
1171,tcp,36107648842914,4421
1172,tcp,36107748976554,7049
1173,tcp,36107865516744,6013
1174,tcp,36107938150614,3436
1175,tcp,36108010881684,4769
1176,tcp,36108062570214,3291
1177,tcp,36108133929954,3436
1178,tcp,36108206709174,4625
1179,tcp,36108279226134,4428
1180,tcp,36108327713814,4568
1181,tcp,36108400388094,3222
1182,tcp,36108448804404,3312
1183,tcp,36108521475084,3207
1184,tcp,36108594147204,4119
1185,tcp,36108836397414,3554
1186,tcp,36108836411274,3404
1187,tcp,36108836414064,4656
1188,tcp,36108836416314,3658
1189,tcp,36108913413744,4128
1190,tcp,36108957529494,2619
1191,tcp,36109005914844,2864
1192,tcp,36109054447164,3200
1193,tcp,36109102834764,2663
1194,tcp,36109175505894,4435
1195,tcp,36109223933814,3394
1196,tcp,36109272415554,3721
1197,tcp,36109345123314,3620
1198,tcp,36109393474374,2417
1199,tcp,36109466182674,3704
1200,tcp,36109466192844,1805
1201,tcp,36109514670804,2769
1202,tcp,36109563096024,2747
1203,tcp,36109611509274,3691
1204,tcp,36109684216764,3548
1205,tcp,36109781121924,4407
1206,tcp,36109829526174,3072
1207,tcp,36109877977674,3562
1208,tcp,36109926464184,2487
1209,tcp,36110192977674,3646
1210,tcp,36110192991084,2608
1211,tcp,36110192994234,2201
1212,tcp,36110192995854,2961
1213,tcp,36110192998104,2915
1214,tcp,36110241372924,4323
1215,tcp,36110289843594,3458
1216,tcp,36110362467204,3274
1217,tcp,36110435191974,2994
1218,tcp,36110483565624,3219
1219,tcp,36110507803884,2578
1220,tcp,36110580520824,4001
1221,tcp,36110628899874,2657
1222,tcp,36110943863784,3299
1223,tcp,36110943873234,2590
1224,tcp,36110943875664,2994
1225,tcp,36110943876834,2513
1226,tcp,36110943878274,2622
1227,tcp,36110968152174,2688
1228,tcp,36111016591254,2727
1229,tcp,36111016607724,2450
1230,tcp,36111089174184,2705
1231,tcp,36111113437824,2043
1232,tcp,36111161875644,3086
1233,tcp,36111210302394,2279
1234,tcp,36111258736074,2822
1235,tcp,36111283027794,2614
1236,tcp,36111331421964,2529
1237,tcp,36111379866264,3637
1238,tcp,36111452543874,2254
1239,tcp,36111500981334,2410
1240,tcp,36111525267474,2508
1241,tcp,36111573692244,3036
1242,tcp,36111622136454,1982
1243,tcp,36111670564284,2773
1244,tcp,36111719017854,3091
1245,tcp,36111767505264,2243
1246,tcp,36111791677644,3030
1247,tcp,36111840128784,2396
1248,tcp,36111888585234,2979
1249,tcp,36111937077774,2094
1250,tcp,36111985503444,3436
1251,tcp,36112033904814,3049
1252,tcp,36112300436304,2858
1253,tcp,36112300450254,2997
1254,tcp,36112300454394,2200
1255,tcp,36112300456284,2612
1256,tcp,36112300458624,2940
1257,tcp,36112348868634,2411
1258,tcp,36112397264604,2301
1259,tcp,36112445768844,3835
1260,tcp,36112494159054,2322
1261,tcp,36112542611814,2952
1262,tcp,36112865130864,2040
1263,tcp,36112865140674,3035
1264,tcp,36112865142024,1665
1265,tcp,36112865143914,3090
1266,tcp,36112865144994,2565
1267,tcp,36112865146524,2347
1268,tcp,36112913609994,3788
1269,tcp,36112965226434,2210
1270,tcp,36112965239754,2538
1271,tcp,36113036635134,3083
1272,tcp,36113065353774,2454
1273,tcp,36113113924794,2243
1274,tcp,36113157773514,2919
1275,tcp,36113182002234,1760
1276,tcp,36113230417284,2397
1277,tcp,36113278992174,2593
1278,tcp,36113303090934,1621
1279,tcp,36113351570964,4292
1280,tcp,36113403263814,2507
1281,tcp,36113403276504,1446
1282,tcp,36113472651024,3931
1283,tcp,36113618002104,9148
1284,tcp,36113714906814,5167
1285,tcp,36113811818544,3822
1286,tcp,36113836091274,3728
1287,tcp,36113884533594,3133
1288,tcp,36113936257944,2135
1289,tcp,36114029798634,4807
1290,tcp,36114078242484,2616
1291,tcp,36114126730704,3520
1292,tcp,36114175304334,3125
1293,tcp,36114223620654,2862
1294,tcp,36114514284564,5046
1295,tcp,36114514294734,2694
1296,tcp,36114514296444,5050
1297,tcp,36114562759284,3369
1298,tcp,36114611190444,3703
1299,tcp,36114659654544,3002
1300,tcp,36114732359424,4340
1301,tcp,36114804984384,3675
1302,tcp,36114856669224,3492
1303,tcp,36115097546394,3162
1304,tcp,36115097578344,4375
1305,tcp,36115097581314,2261
1306,tcp,36115097583564,3750
1307,tcp,36115121744784,1575
1308,tcp,36115145985294,3207
1309,tcp,36115197700464,2584
1310,tcp,36115291314594,4465
1311,tcp,36115339803444,2825
1312,tcp,36115388269434,3720
1313,tcp,36115436684574,3526
1314,tcp,36115485144984,2124
1315,tcp,36115582004244,6124
1316,tcp,36115630463214,4024
1317,tcp,36115678953414,3038
1318,tcp,36115800084234,4462
1319,tcp,36115800094764,1907
1320,tcp,36115896911994,4317
1321,tcp,36115896921534,2101
1322,tcp,36115993900764,3807
1323,tcp,36116042268294,2221
1324,tcp,36116066480544,3090
1325,tcp,36116139187224,4071
1326,tcp,36116187677064,3071
1327,tcp,36116236131894,4055
1328,tcp,36116284534524,2833
1329,tcp,36116381409264,3318
1330,tcp,36116381420334,2486
1331,tcp,36116478328644,4849
1332,tcp,36116551009674,3226
1333,tcp,36116599457124,2456
1334,tcp,36116647993494,4926
1335,tcp,36116696347794,3263
1336,tcp,36116744770404,2728
1337,tcp,36116865893214,5122
