event_idx,frame_type,key_frame,gop_id,payload_bytes,event_time_ms,display_deadline_ms,baseline_on_time,baseline_qoe,drop_qoe,delta_qoe,label_mode,delta_qoe_norm
0,I,1,0,77331,0.0,83.333,False,0.35586666666666666,0.05495715089631043,0.30090951577035624,delta_qoe_proxy_v1,1.0
1,B,0,0,301,33.333,116.667,True,0.35586666666666666,0.3548144568183519,0.001052209848314778,delta_qoe_proxy_v1,0.003496764951487238
2,B,0,0,460,66.667,150.0,True,0.35586666666666666,0.3548044855031291,0.0010621811635375678,delta_qoe_proxy_v1,0.0035299022060445166
3,B,0,0,521,100.0,183.333,True,0.35586666666666666,0.35480066002999333,0.0010660066366733334,delta_qoe_proxy_v1,0.0035426152408117024
4,B,0,0,713,133.333,216.667,True,0.35586666666666666,0.35478861919651683,0.0010780474701498344,delta_qoe_proxy_v1,0.0035826300387674114
5,B,0,0,567,166.667,250.0,True,0.35586666666666666,0.3547977752469729,0.0010688914196937405,delta_qoe_proxy_v1,0.0035522021194885757
6,P,0,0,2133,200.0,283.33299999999997,True,0.35586666666666666,0.35469956719893,0.0011670994677366875,delta_qoe_proxy_v1,0.00387857281531561
7,B,0,0,407,233.333,316.66700000000003,True,0.35586666666666666,0.35480780927487005,0.0010588573917966193,delta_qoe_proxy_v1,0.003518856454525362
8,B,0,0,602,266.667,350.0,True,0.35586666666666666,0.35479558030337044,0.0010710863632962253,delta_qoe_proxy_v1,0.0035594964836992444
9,B,0,0,698,300.0,383.33299999999997,True,0.35586666666666666,0.3547895598866322,0.0010771067800344758,delta_qoe_proxy_v1,0.0035795038826770985
10,B,0,0,442,333.333,416.66700000000003,True,0.35586666666666666,0.35480561433126756,0.0010610523353991042,delta_qoe_proxy_v1,0.0035261508187360304
11,P,0,0,4538,366.667,450.0,True,0.35586666666666666,0.3545487432171016,0.0013179234495650505,delta_qoe_proxy_v1,0.00437979984179312
12,B,0,0,533,400.0,483.33299999999997,True,0.35586666666666666,0.3547999074779011,0.001066759188765587,delta_qoe_proxy_v1,0.003545116165683842
13,B,0,0,758,433.333,516.667,True,0.35586666666666666,0.35478579712617075,0.00108086954049591,delta_qoe_proxy_v1,0.00359200850703835
14,B,0,0,1192,466.667,550.0,True,0.35586666666666666,0.35475857982549985,0.001108086841166811,delta_qoe_proxy_v1,0.003682458623250933
15,B,0,0,680,500.0,583.333,True,0.35586666666666666,0.3547906887147706,0.0010759779518960677,delta_qoe_proxy_v1,0.003575752495368797
16,B,0,0,532,533.333,616.6669999999999,True,0.35586666666666666,0.3547999701905754,0.0010666964760912556,delta_qoe_proxy_v1,0.0035449077552779074
17,P,0,0,7970,566.667,650.0,True,0.35586666666666666,0.3543335133187087,0.0015331533479579496,delta_qoe_proxy_v1,0.00509506435525289
18,B,0,0,566,600.0,683.333,True,0.35586666666666666,0.35479783795964726,0.0010688287070194091,delta_qoe_proxy_v1,0.003551993709082641
19,B,0,0,744,633.333,716.6669999999999,True,0.35586666666666666,0.3547866751036117,0.0010799915630549384,delta_qoe_proxy_v1,0.0035890907613541564
20,B,0,0,866,666.667,750.0,True,0.35586666666666666,0.3547790241573402,0.0010876425093264697,delta_qoe_proxy_v1,0.0036145168308885285
21,B,0,0,744,700.0,783.333,True,0.35586666666666666,0.3547866751036117,0.0010799915630549384,delta_qoe_proxy_v1,0.0035890907613541564
22,B,0,0,591,733.333,816.6669999999999,True,0.35586666666666666,0.35479627014278836,0.001070396523878303,delta_qoe_proxy_v1,0.0035572039692330394
23,P,0,0,8187,766.667,850.0,True,0.35586666666666666,0.35431990466837326,0.0015467619982934,delta_qoe_proxy_v1,0.005140289413359182
24,B,0,0,658,800.0,883.333,True,0.35586666666666666,0.35479206839360644,0.0010745982730602233,delta_qoe_proxy_v1,0.0035711674664363874
25,B,0,0,904,833.333,916.6669999999999,True,0.35586666666666666,0.35477664107571466,0.001090025590952004,delta_qoe_proxy_v1,0.0036224364263171853
26,B,0,0,1299,866.667,950.0,True,0.35586666666666666,0.3547518695693437,0.0011147970973229837,delta_qoe_proxy_v1,0.0037047585366949925
27,B,0,0,788,900.0,983.333,True,0.35586666666666666,0.35478391574594004,0.0010827509207266273,delta_qoe_proxy_v1,0.0035982608192189755
28,B,0,0,568,933.333,1016.6669999999999,True,0.35586666666666666,0.3547977125342986,0.0010689541323680718,delta_qoe_proxy_v1,0.0035524105298945104
29,P,0,0,10271,966.667,1050.0,True,0.35586666666666666,0.3541892114550134,0.0016774552116532448,delta_qoe_proxy_v1,0.005574616699504514
30,B,0,0,844,1000.0,1083.333,True,0.35586666666666666,0.35478040383617604,0.0010862628304906252,delta_qoe_proxy_v1,0.0036099318019561185
31,B,0,0,928,1033.333,1116.6670000000001,True,0.35586666666666666,0.3547751359715301,0.0010915306951365666,delta_qoe_proxy_v1,0.003627438276061649
32,B,0,0,1027,1066.667,1150.0,True,0.35586666666666666,0.35476892741676874,0.0010977392498979222,delta_qoe_proxy_v1,0.0036480709062576768
33,B,0,0,784,1100.0,1183.333,True,0.35586666666666666,0.3547841665966375,0.001082500070029191,delta_qoe_proxy_v1,0.0035974271775948675
34,B,0,0,465,1133.333,1216.6670000000001,True,0.35586666666666666,0.35480417193975733,0.0010624947269093354,delta_qoe_proxy_v1,0.0035309442580745594
35,P,0,0,13120,1166.667,1250.0,True,0.35586666666666666,0.3540105430457706,0.001856123620896044,delta_qoe_proxy_v1,0.006168377946254693
36,B,0,0,917,1200.0,1283.333,True,0.35586666666666666,0.354775825810948,0.0010908408557186444,delta_qoe_proxy_v1,0.0036251457615954445
37,B,0,0,953,1233.333,1316.6670000000001,True,0.35586666666666666,0.35477356815467115,0.0010930985119955161,delta_qoe_proxy_v1,0.0036326485362122318
38,B,0,0,1302,1266.667,1350.0,True,0.35586666666666666,0.3547516814313206,0.0011149852353460887,delta_qoe_proxy_v1,0.003705383767913166
39,B,0,0,818,1300.0,1383.333,True,0.35586666666666666,0.3547820343657093,0.0010846323009573444,delta_qoe_proxy_v1,0.003604513131399601
40,B,0,0,667,1333.333,1416.6670000000001,True,0.35586666666666666,0.35479150397953724,0.0010751626871294273,delta_qoe_proxy_v1,0.003573043160090538
41,P,0,0,15515,1366.667,1450.0,True,0.35586666666666666,0.3538603461906858,0.0020063204759808717,delta_qoe_proxy_v1,0.006667520868672117
42,B,0,0,714,1400.0,1483.333,True,0.35586666666666666,0.35478855648384244,0.0010781101828242212,delta_qoe_proxy_v1,0.0035828384491735305
43,B,0,0,938,1433.333,1516.6670000000001,True,0.35586666666666666,0.3547745088447865,0.0010921578218801575,delta_qoe_proxy_v1,0.0036295223801219192
44,B,0,0,1152,1466.667,1550.0,True,0.35586666666666666,0.3547610883324741,0.0011055783341925585,delta_qoe_proxy_v1,0.003674122207010222
45,B,0,0,867,1500.0,1583.333,True,0.35586666666666666,0.35477896144466586,0.001087705222000801,delta_qoe_proxy_v1,0.003614725241294463
46,B,0,0,626,1533.333,1616.6670000000001,True,0.35586666666666666,0.3547940751991859,0.001072591467480788,delta_qoe_proxy_v1,0.0035644983334437077
47,P,0,0,12182,1566.667,1650.0,True,0.35586666666666666,0.3540693675343174,0.0017972991323492726,delta_qoe_proxy_v1,0.005972888985408189
48,B,0,0,921,1600.0,1683.333,True,0.35586666666666666,0.3547755749602506,0.0010910917064160808,delta_qoe_proxy_v1,0.0036259794032195525
49,B,0,0,1011,1633.333,1716.6670000000001,True,0.35586666666666666,0.35476993081955843,0.0010967358471082322,delta_qoe_proxy_v1,0.003644736339761429
50,B,0,0,896,1666.667,1750.0,True,0.35586666666666666,0.3547771427771095,0.0010895238895571868,delta_qoe_proxy_v1,0.003620769143069154
51,B,0,0,700,1700.0,1783.333,True,0.35586666666666666,0.35478943446128347,0.001077232205383194,delta_qoe_proxy_v1,0.0035799207034891527
52,P,0,0,12442,1733.333,1816.6670000000001,True,0.35586666666666666,0.3540530622389846,0.0018136044276820806,delta_qoe_proxy_v1,0.006027075690973365
53,B,0,0,844,1766.667,1850.0,True,0.35586666666666666,0.35478040383617604,0.0010862628304906252,delta_qoe_proxy_v1,0.0036099318019561185
54,B,0,0,998,1800.0,1883.333,True,0.35586666666666666,0.3547707460843251,0.0010959205823415918,delta_qoe_proxy_v1,0.0036420270044831703
55,B,0,0,1201,1833.333,1916.6670000000001,True,0.35586666666666666,0.35475801541143065,0.001108651255236015,delta_qoe_proxy_v1,0.003684334316905084
56,B,0,0,893,1866.667,1950.0,True,0.35586666666666666,0.3547773309151326,0.0010893357515340818,delta_qoe_proxy_v1,0.0036201439118509807
57,B,0,0,743,1900.0,1983.333,True,0.35586666666666666,0.3547867378162861,0.0010799288503805515,delta_qoe_proxy_v1,0.003588882350948037
58,P,0,0,13585,1933.333,2016.6670000000001,True,0.35586666666666666,0.3539813816521946,0.001885285014472049,delta_qoe_proxy_v1,0.006265288785054021
59,B,0,0,844,1966.667,2050.0,True,0.35586666666666666,0.35478040383617604,0.0010862628304906252,delta_qoe_proxy_v1,0.0036099318019561185
60,B,0,0,957,2000.0,2083.333,True,0.35586666666666666,0.3547733173039737,0.0010933493626929525,delta_qoe_proxy_v1,0.0036334821778363398
61,B,0,0,1272,2033.333,2116.667,True,0.35586666666666666,0.3547535628115513,0.0011131038551153716,delta_qoe_proxy_v1,0.00369913145573254
62,B,0,0,880,2066.667,2150.0,True,0.35586666666666666,0.3547781461798992,0.0010885204867674414,delta_qoe_proxy_v1,0.003617434576572722
63,B,0,0,704,2100.0,2183.333,True,0.35586666666666666,0.35478918361058603,0.0010774830560806303,delta_qoe_proxy_v1,0.0035807543451132607
64,P,0,0,12579,2133.333,2216.667,True,0.35586666666666666,0.3540444706025977,0.0018221960640689705,delta_qoe_proxy_v1,0.00605562791659805
65,B,0,0,908,2166.667,2250.0,True,0.35586666666666666,0.3547763902250172,0.0010902764416494404,delta_qoe_proxy_v1,0.0036232700679412937
66,B,0,0,998,2200.0,2283.333,True,0.35586666666666666,0.3547707460843251,0.0010959205823415918,delta_qoe_proxy_v1,0.0036420270044831703
67,B,0,0,1241,2233.333,2316.667,True,0.35586666666666666,0.35475550690445634,0.001111159762210323,delta_qoe_proxy_v1,0.0036926707331459796
68,B,0,0,898,2266.667,2350.0,True,0.35586666666666666,0.3547770173517608,0.0010896493149058495,delta_qoe_proxy_v1,0.0036211859638810235
69,B,0,0,738,2300.0,2383.333,True,0.35586666666666666,0.3547870513796579,0.0010796152870087838,delta_qoe_proxy_v1,0.003587840298917994
70,P,0,0,12846,2333.333,2416.667,True,0.35586666666666666,0.3540277263185444,0.0018389403481222644,delta_qoe_proxy_v1,0.006111273495005323
71,B,0,0,879,2366.667,2450.0,True,0.35586666666666666,0.35477820889257355,0.00108845777409311,delta_qoe_proxy_v1,0.0036172261661667872
72,B,0,0,976,2400.0,2483.333,True,0.35586666666666666,0.354772125763161,0.0010945409035056919,delta_qoe_proxy_v1,0.0036374419755505765
73,B,0,0,1200,2433.333,2516.667,True,0.35586666666666666,0.354758078124105,0.0011085885425616837,delta_qoe_proxy_v1,0.003684125906499149
74,B,0,0,889,2466.667,2550.0,True,0.35586666666666666,0.35477758176582996,0.001089084900836701,delta_qoe_proxy_v1,0.003619310270227057
75,B,0,0,686,2500.0,2583.333,True,0.35586666666666666,0.35479031243872444,0.0010763542279422222,delta_qoe_proxy_v1,0.003577002957804959
76,P,0,0,11940,2533.333,2616.667,True,0.35586666666666666,0.35408454400151174,0.0017821226651549282,delta_qoe_proxy_v1,0.005922453667151499
77,B,0,0,791,2566.667,2650.0,True,0.35586666666666666,0.354783727607917,0.0010829390587496768,delta_qoe_proxy_v1,0.0035988860504369644
78,B,0,0,962,2600.0,2683.333,True,0.35586666666666666,0.35477300374060194,0.0010936629260647202,delta_qoe_proxy_v1,0.0036345242298663825
79,B,0,0,1284,2633.333,2716.667,True,0.35586666666666666,0.35475281025945904,0.0011138564072076251,delta_qoe_proxy_v1,0.0037016323806046796
80,B,0,0,902,2666.667,2750.0,True,0.35586666666666666,0.3547767665010634,0.0010899001656032858,delta_qoe_proxy_v1,0.0036220196055051315
81,B,0,0,715,2700.0,2783.333,True,0.35586666666666666,0.3547884937711681,0.0010781728954985526,delta_qoe_proxy_v1,0.0035830468595794652
82,P,0,0,12139,2733.333,2816.667,True,0.35586666666666666,0.3540720641793147,0.0017946024873519706,delta_qoe_proxy_v1,0.0059639273379494895
83,B,0,0,879,2766.667,2850.0,True,0.35586666666666666,0.35477820889257355,0.00108845777409311,delta_qoe_proxy_v1,0.0036172261661667872
84,B,0,0,953,2800.0,2883.333,True,0.35586666666666666,0.35477356815467115,0.0010930985119955161,delta_qoe_proxy_v1,0.0036326485362122318
85,B,0,0,1274,2833.333,2916.667,True,0.35586666666666666,0.3547534373862026,0.0011132292804640898,delta_qoe_proxy_v1,0.003699548276544594
86,B,0,0,922,2866.667,2950.0,True,0.35586666666666666,0.3547755122475762,0.0010911544190904676,delta_qoe_proxy_v1,0.0036261878136256715
87,B,0,0,745,2900.0,2983.333,True,0.35586666666666666,0.3547866123909374,0.0010800542757292697,delta_qoe_proxy_v1,0.003589299171760091
88,P,0,0,12280,2933.333,3016.667,True,0.35586666666666666,0.3540632216922304,0.0018034449744362413,delta_qoe_proxy_v1,0.005993313205198097
89,B,0,0,847,2966.667,3050.0,True,0.35586666666666666,0.354780215698153,0.0010864509685136747,delta_qoe_proxy_v1,0.0036105570331741075
90,B,0,0,1029,3000.0,3083.333,True,0.35586666666666666,0.35476880199142,0.0010978646752466403,delta_qoe_proxy_v1,0.0036484877270697305
91,B,0,0,1298,3033.333,3116.667,True,0.35586666666666666,0.354751932282018,0.0011147343846486524,delta_qoe_proxy_v1,0.003704550126289058
92,B,0,0,907,3066.667,3150.0,True,0.35586666666666666,0.35477645293769156,0.001090213728975109,delta_qoe_proxy_v1,0.0036230616575353585
93,B,0,0,768,3100.0,3183.333,True,0.35586666666666666,0.35478516999942716,0.001081496667239501,delta_qoe_proxy_v1,0.0035940926110986197
94,P,0,0,12702,3133.333,3216.667,True,0.35586666666666666,0.3540367569436518,0.0018299097230148886,delta_qoe_proxy_v1,0.006081262396538541
95,B,0,0,905,3166.667,3250.0,True,0.35586666666666666,0.3547765783630403,0.0010900883036263909,delta_qoe_proxy_v1,0.0036226448367233047
96,B,0,0,1015,3200.0,3283.333,True,0.35586666666666666,0.354769679968861,0.0010969866978056686,delta_qoe_proxy_v1,0.003645569981385537
97,B,0,0,1305,3233.333,3316.667,True,0.35586666666666666,0.3547514932932975,0.0011151733733691382,delta_qoe_proxy_v1,0.0037060089991311543
98,B,0,0,914,3266.667,3350.0,True,0.35586666666666666,0.35477601394897107,0.001090652717695595,delta_qoe_proxy_v1,0.0036245205303774555
99,B,0,0,709,3300.0,3383.333,True,0.35586666666666666,0.35478887004721427,0.001077796619452398,delta_qoe_proxy_v1,0.0035817963971433034
100,P,0,0,12781,3333.333,3416.667,True,0.35586666666666666,0.3540318026423776,0.0018348640242890624,delta_qoe_proxy_v1,0.006097726818614029
101,B,0,0,826,3366.667,3450.0,True,0.35586666666666666,0.3547815326643145,0.0010851340023521616,delta_qoe_proxy_v1,0.0036061804146476327
102,B,0,0,1013,3400.0,3483.333,True,0.35586666666666666,0.35476980539420977,0.001096861272456895,delta_qoe_proxy_v1,0.0036451531605732985
103,B,0,0,1309,3433.333,3516.667,True,0.35586666666666666,0.3547512424426001,0.0011154242240665746,delta_qoe_proxy_v1,0.0037068426407552623
104,B,0,0,898,3466.667,3550.0,True,0.35586666666666666,0.3547770173517608,0.0010896493149058495,delta_qoe_proxy_v1,0.0036211859638810235
105,B,0,0,738,3500.0,3583.333,True,0.35586666666666666,0.3547870513796579,0.0010796152870087838,delta_qoe_proxy_v1,0.003587840298917994
106,P,0,0,12742,3533.333,3616.667,True,0.35586666666666666,0.3540342484366775,0.0018324182299891412,delta_qoe_proxy_v1,0.006089598812779253
107,B,0,0,812,3566.667,3650.0,True,0.35586666666666666,0.3547824106417555,0.0010842560249111899,delta_qoe_proxy_v1,0.003603262668963439
108,B,0,0,996,3600.0,3683.333,True,0.35586666666666666,0.3547708715096738,0.0010957951569928737,delta_qoe_proxy_v1,0.0036416101836711165
109,B,0,0,1325,3633.333,3716.667,True,0.35586666666666666,0.3547502390398104,0.0011164276268562645,delta_qoe_proxy_v1,0.00371017720725151
110,B,0,0,905,3666.667,3750.0,True,0.35586666666666666,0.3547765783630403,0.0010900883036263909,delta_qoe_proxy_v1,0.0036226448367233047
111,B,0,0,769,3700.0,3783.333,True,0.35586666666666666,0.35478510728675283,0.0010815593799138323,delta_qoe_proxy_v1,0.0035943010215045545
112,P,0,0,12727,3733.333,3816.667,True,0.35586666666666666,0.3540351891267929,0.0018314775398737826,delta_qoe_proxy_v1,0.00608647265668894
113,B,0,0,853,3766.667,3850.0,True,0.35586666666666666,0.35477983942210684,0.0010868272445598293,delta_qoe_proxy_v1,0.0036118074956102697
114,B,0,0,972,3800.0,3883.333,True,0.35586666666666666,0.35477237661385835,0.001094290052808311,delta_qoe_proxy_v1,0.0036366083339266528
115,B,0,0,1530,3833.333,3916.667,True,0.35586666666666666,0.3547373829415672,0.0011292837250994614,delta_qoe_proxy_v1,0.003752901340485662
116,B,0,0,862,3866.667,3950.0,True,0.35586666666666666,0.35477927500803763,0.0010873916586290333,delta_qoe_proxy_v1,0.0036136831892644205
117,B,0,0,714,3900.0,3983.333,True,0.35586666666666666,0.35478855648384244,0.0010781101828242212,delta_qoe_proxy_v1,0.0035828384491735305
118,P,0,0,12706,3933.333,4016.667,True,0.35586666666666666,0.35403650609295434,0.001830160573712325,delta_qoe_proxy_v1,0.00608209603816265
119,B,0,0,818,3966.667,4050.0,True,0.35586666666666666,0.3547820343657093,0.0010846323009573444,delta_qoe_proxy_v1,0.003604513131399601
120,B,0,0,980,4000.0,4083.333,True,0.35586666666666666,0.35477187491246354,0.0010947917542031282,delta_qoe_proxy_v1,0.0036382756171746845
121,B,0,0,1239,4033.333,4116.6669999999995,True,0.35586666666666666,0.35475563232980506,0.001111034336861605,delta_qoe_proxy_v1,0.003692253912333926
122,B,0,0,923,4066.667,4150.0,True,0.35586666666666666,0.35477544953490187,0.001091217131764799,delta_qoe_proxy_v1,0.0036263962240316062
123,B,0,0,750,4100.0,4183.333,True,0.35586666666666666,0.3547862988275656,0.0010803678391010374,delta_qoe_proxy_v1,0.003590341223790134
124,P,0,0,12249,4133.333,4216.6669999999995,True,0.35586666666666666,0.35406516578513547,0.0018015008815311928,delta_qoe_proxy_v1,0.0059868524826115375
125,B,0,0,818,4166.667,4250.0,True,0.35586666666666666,0.3547820343657093,0.0010846323009573444,delta_qoe_proxy_v1,0.003604513131399601
126,B,0,0,979,4200.0,4283.333,True,0.35586666666666666,0.35477193762513787,0.001094729041528797,delta_qoe_proxy_v1,0.0036380672067687497
127,B,0,0,1335,4233.333,4316.6669999999995,True,0.35586666666666666,0.3547496119130668,0.0011170547535998554,delta_qoe_proxy_v1,0.00371226131131178
128,B,0,0,913,4266.667,4350.0,True,0.35586666666666666,0.35477607666164546,0.001090590005021208,delta_qoe_proxy_v1,0.0036243121199713364
129,B,0,0,767,4300.0,4383.333,True,0.35586666666666666,0.35478523271210155,0.0010814339545651142,delta_qoe_proxy_v1,0.0035938842006925007
130,P,0,0,12851,4333.333,4416.6669999999995,True,0.35586666666666666,0.3540274127551726,0.0018392539114940876,delta_qoe_proxy_v1,0.006112315547035551
131,B,0,0,764,4366.667,4450.0,True,0.35586666666666666,0.3547854208501246,0.0010812458165420646,delta_qoe_proxy_v1,0.0035932589694745117
132,B,0,0,993,4400.0,4483.333,True,0.35586666666666666,0.3547710596476969,0.0010956070189697686,delta_qoe_proxy_v1,0.0036409849524529432
133,B,0,0,1282,4433.333,4516.6669999999995,True,0.35586666666666666,0.3547529356848077,0.0011137309818589625,delta_qoe_proxy_v1,0.00370121555979281
134,B,0,0,914,4466.667,4550.0,True,0.35586666666666666,0.35477601394897107,0.001090652717695595,delta_qoe_proxy_v1,0.0036245205303774555
135,B,0,0,730,4500.0,4583.333,True,0.35586666666666666,0.35478755308105275,0.0010791135856139111,delta_qoe_proxy_v1,0.003586173015669778
136,P,0,0,12550,4533.333,4616.6669999999995,True,0.35586666666666666,0.354046289270154,0.0018203773965126402,delta_qoe_proxy_v1,0.006049584014823544
137,B,0,0,778,4566.667,4650.0,True,0.35586666666666666,0.35478454287268363,0.0010821237939830364,delta_qoe_proxy_v1,0.0035961767151587052
138,B,0,0,1004,4600.0,4683.333,True,0.35586666666666666,0.354770369808279,0.0010962968583876909,delta_qoe_proxy_v1,0.0036432774669191478
139,B,0,0,1320,4633.333,4716.6669999999995,True,0.35586666666666666,0.35475055260318217,0.0011161140634844968,delta_qoe_proxy_v1,0.0037091351552214673
140,B,0,0,889,4666.667,4750.0,True,0.35586666666666666,0.35477758176582996,0.001089084900836701,delta_qoe_proxy_v1,0.003619310270227057
141,B,0,0,667,4700.0,4783.333,True,0.35586666666666666,0.35479150397953724,0.0010751626871294273,delta_qoe_proxy_v1,0.003573043160090538
142,P,0,0,12925,4733.333,4816.6669999999995,True,0.35586666666666666,0.35402277201727017,0.0018438946493964936,delta_qoe_proxy_v1,0.006127737917080995
143,B,0,0,827,4766.667,4850.0,True,0.35586666666666666,0.3547814699516401,0.0010851967150265485,delta_qoe_proxy_v1,0.0036063888250537517
144,B,0,0,1004,4800.0,4883.333,True,0.35586666666666666,0.354770369808279,0.0010962968583876909,delta_qoe_proxy_v1,0.0036432774669191478
145,B,0,0,1306,4833.333,4916.6669999999995,True,0.35586666666666666,0.3547514305806232,0.0011152360860434696,delta_qoe_proxy_v1,0.003706217409537089
146,B,0,0,899,4866.667,4950.0,True,0.35586666666666666,0.35477695463908643,0.0010897120275802363,delta_qoe_proxy_v1,0.0036213943742871425
147,B,0,0,712,4900.0,4983.333,True,0.35586666666666666,0.35478868190919116,0.001077984757475503,delta_qoe_proxy_v1,0.0035824216283614767
148,P,0,0,13353,4933.333,5016.6669999999995,True,0.35586666666666666,0.3539959309926454,0.00187073567402124,delta_qoe_proxy_v1,0.0062169375708574165
149,B,0,0,875,4966.667,5050.0,True,0.35586666666666666,0.354778459743271,0.0010882069233956737,delta_qoe_proxy_v1,0.003616392524542679
150,B,0,0,1026,5000.0,5083.333,True,0.35586666666666666,0.3547689901294431,0.0010976765372235908,delta_qoe_proxy_v1,0.003647862495851742
151,B,0,0,1320,5033.333,5116.6669999999995,True,0.35586666666666666,0.35475055260318217,0.0011161140634844968,delta_qoe_proxy_v1,0.0037091351552214673
152,B,0,0,926,5066.667,5150.0,True,0.35586666666666666,0.35477526139687876,0.001091405269787904,delta_qoe_proxy_v1,0.0036270214552497795
153,B,0,0,768,5100.0,5183.333,True,0.35586666666666666,0.35478516999942716,0.001081496667239501,delta_qoe_proxy_v1,0.0035940926110986197
154,P,0,0,13008,5133.333,5216.6669999999995,True,0.35586666666666666,0.35401756686529856,0.0018490998013681037,delta_qoe_proxy_v1,0.0061450359807805905
155,B,0,0,928,5166.667,5250.0,True,0.35586666666666666,0.3547751359715301,0.0010915306951365666,delta_qoe_proxy_v1,0.003627438276061649
156,B,0,0,1022,5200.0,5283.333,True,0.35586666666666666,0.3547692409801405,0.0010974256865261545,delta_qoe_proxy_v1,0.003647028854227634
157,B,0,0,1345,5233.333,5316.6669999999995,True,0.35586666666666666,0.3547489847863232,0.0011176818803434463,delta_qoe_proxy_v1,0.00371434541537205
158,B,0,0,967,5266.667,5350.0,True,0.35586666666666666,0.3547726901772302,0.0010939764894364878,delta_qoe_proxy_v1,0.0036355662818964253
159,B,0,0,829,5300.0,5383.333,True,0.35586666666666666,0.3547813445262914,0.0010853221403752666,delta_qoe_proxy_v1,0.003606805645865806
160,P,0,0,12651,5333.333,5416.6669999999995,True,0.35586666666666666,0.354039955290044,0.0018267113766226584,delta_qoe_proxy_v1,0.006070633465831441
161,B,0,0,928,5366.667,5450.0,True,0.35586666666666666,0.3547751359715301,0.0010915306951365666,delta_qoe_proxy_v1,0.003627438276061649
162,B,0,0,1024,5400.0,5483.333,True,0.35586666666666666,0.3547691155547918,0.0010975511118748726,delta_qoe_proxy_v1,0.003647445675039688
163,B,0,0,1627,5433.333,5516.6669999999995,True,0.35586666666666666,0.35473129981215457,0.0011353668545120987,delta_qoe_proxy_v1,0.0037731171498696357
164,B,0,0,911,5466.667,5550.0,True,0.35586666666666666,0.3547762020869941,0.0010904645796725454,delta_qoe_proxy_v1,0.0036238952991594665
165,B,0,0,783,5500.0,5583.333,True,0.35586666666666666,0.35478422930931186,0.001082437357354804,delta_qoe_proxy_v1,0.0035972187671887484
166,P,0,0,12516,5533.333,5616.6669999999995,True,0.35586666666666666,0.3540484215010822,0.0018182451655844867,delta_qoe_proxy_v1,0.00604249806101881
167,B,0,0,871,5566.667,5650.0,True,0.35586666666666666,0.3547787105939684,0.0010879560726982374,delta_qoe_proxy_v1,0.003615558882918571
168,B,0,0,999,5600.0,5683.333,True,0.35586666666666666,0.35477068337165074,0.0010959832950159232,delta_qoe_proxy_v1,0.003642235414889105
169,B,0,0,1242,5633.333,5716.6669999999995,True,0.35586666666666666,0.354755444191782,0.0011112224748846544,delta_qoe_proxy_v1,0.0036928791435519143
170,B,0,0,913,5666.667,5750.0,True,0.35586666666666666,0.35477607666164546,0.001090590005021208,delta_qoe_proxy_v1,0.0036243121199713364
171,B,0,0,724,5700.0,5783.333,True,0.35586666666666666,0.3547879293570989,0.0010787373095677566,delta_qoe_proxy_v1,0.0035849225532336164
172,P,0,0,12601,5733.333,5816.6669999999995,True,0.35586666666666666,0.35404309092376185,0.001823575742904815,delta_qoe_proxy_v1,0.00606021294553046
173,B,0,0,851,5766.667,5850.0,True,0.35586666666666666,0.35477996484745555,0.001086701819211111,delta_qoe_proxy_v1,0.0036113906747982155
174,B,0,0,939,5800.0,5883.333,True,0.35586666666666666,0.3547744461321122,0.0010922205345544889,delta_qoe_proxy_v1,0.003629730790527854
175,B,0,0,1656,5833.333,5916.6669999999995,True,0.35586666666666666,0.35472948114459824,0.001137185522068429,delta_qoe_proxy_v1,0.003779161051644142
176,B,0,0,916,5866.667,5950.0,True,0.35586666666666666,0.35477588852362235,0.001090778143044313,delta_qoe_proxy_v1,0.0036249373511895097
177,B,0,0,817,5900.0,5983.333,True,0.35586666666666666,0.3547820970783837,0.0010845695882829576,delta_qoe_proxy_v1,0.003604304720993482
178,P,0,0,12388,5933.333,6016.6669999999995,True,0.35586666666666666,0.35405644872339986,0.0018102179432668009,delta_qoe_proxy_v1,0.006015821529048276
179,B,0,0,917,5966.667,6050.0,True,0.35586666666666666,0.354775825810948,0.0010908408557186444,delta_qoe_proxy_v1,0.0036251457615954445
180,B,0,0,1021,6000.0,6083.333,True,0.35586666666666666,0.3547693036928149,0.0010973629738517676,delta_qoe_proxy_v1,0.0036468204438215145
181,B,0,0,1330,6033.333,6116.6669999999995,True,0.35586666666666666,0.3547499254764386,0.0011167411902280877,delta_qoe_proxy_v1,0.003711219259281737
182,B,0,0,942,6066.667,6150.0,True,0.35586666666666666,0.35477425799408907,0.0010924086725775939,delta_qoe_proxy_v1,0.0036303560217460272
183,B,0,0,795,6100.0,6183.333,True,0.35586666666666666,0.35478347675721955,0.0010831899094471131,delta_qoe_proxy_v1,0.0035997196920610724
184,P,0,0,12873,6133.333,6216.6669999999995,True,0.35586666666666666,0.35402603307633673,0.001840633590329932,delta_qoe_proxy_v1,0.00611690057596796
185,B,0,0,927,6166.667,6250.0,True,0.35586666666666666,0.35477519868420443,0.0010914679824622353,delta_qoe_proxy_v1,0.0036272298656557143
186,B,0,0,1008,6200.0,6283.333,True,0.35586666666666666,0.35477011895758154,0.0010965477090851272,delta_qoe_proxy_v1,0.0036441111085432558
187,B,0,0,1260,6233.333,6316.6669999999995,True,0.35586666666666666,0.3547543153636436,0.0011123513030230625,delta_qoe_proxy_v1,0.003696630530860216
188,B,0,0,949,6266.667,6350.0,True,0.35586666666666666,0.3547738190053686,0.0010928476612980798,delta_qoe_proxy_v1,0.0036318148945881238
189,B,0,0,784,6300.0,6383.333,True,0.35586666666666666,0.3547841665966375,0.001082500070029191,delta_qoe_proxy_v1,0.0035974271775948675
190,P,0,0,12324,6333.333,6416.6669999999995,True,0.35586666666666666,0.3540604623345587,0.0018062043321079857,delta_qoe_proxy_v1,0.006002483263063101
191,B,0,0,879,6366.667,6450.0,True,0.35586666666666666,0.35477820889257355,0.00108845777409311,delta_qoe_proxy_v1,0.0036172261661667872
192,B,0,0,1044,6400.0,6483.333,True,0.35586666666666666,0.35476786130130467,0.001098805365361999,delta_qoe_proxy_v1,0.0036516138831600435
193,B,0,0,877,6433.333,6516.6669999999995,True,0.35586666666666666,0.3547783343179223,0.0010883323487443919,delta_qoe_proxy_v1,0.003616809345354733
194,B,0,0,782,6466.667,6550.0,True,0.35586666666666666,0.3547842920219862,0.0010823746446804727,delta_qoe_proxy_v1,0.0035970103567828137
195,P,0,0,10434,6500.0,6583.333,True,0.35586666666666666,0.35417898928909325,0.0016876773775734155,delta_qoe_proxy_v1,0.005608587595685717
196,B,0,0,873,6533.333,6616.6669999999995,True,0.35586666666666666,0.3547785851686197,0.0010880814980469555,delta_qoe_proxy_v1,0.003615975703730625
197,B,0,0,1002,6566.667,6650.0,True,0.35586666666666666,0.3547704952336277,0.0010961714330389727,delta_qoe_proxy_v1,0.003642860646107094
198,B,0,0,1312,6600.0,6683.333,True,0.35586666666666666,0.35475105430457704,0.0011156123620896241,delta_qoe_proxy_v1,0.0037074678719732513
199,B,0,0,939,6633.333,6716.6669999999995,True,0.35586666666666666,0.3547744461321122,0.0010922205345544889,delta_qoe_proxy_v1,0.003629730790527854
200,B,0,0,801,6666.667,6750.0,True,0.35586666666666666,0.3547831004811734,0.0010835661854932677,delta_qoe_proxy_v1,0.0036009701544972342
201,P,0,0,12573,6700.0,6783.333,True,0.35586666666666666,0.35404484687864385,0.001821819788022816,delta_qoe_proxy_v1,0.006054377454161888
202,B,0,0,972,6733.333,6816.6669999999995,True,0.35586666666666666,0.35477237661385835,0.001094290052808311,delta_qoe_proxy_v1,0.0036366083339266528
203,B,0,0,1030,6766.667,6850.0,True,0.35586666666666666,0.3547687392787457,0.0010979273879209717,delta_qoe_proxy_v1,0.0036486961374756653
204,B,0,0,1632,6800.0,6883.333,True,0.35586666666666666,0.3547309862487828,0.0011356804178838664,delta_qoe_proxy_v1,0.0037741592018996784
205,B,0,0,980,6833.333,6916.6669999999995,True,0.35586666666666666,0.35477187491246354,0.0010947917542031282,delta_qoe_proxy_v1,0.0036382756171746845
206,B,0,0,851,6866.667,6950.0,True,0.35586666666666666,0.35477996484745555,0.001086701819211111,delta_qoe_proxy_v1,0.0036113906747982155
207,P,0,0,11872,6900.0,6983.333,True,0.35586666666666666,0.35408880846336804,0.0017778582032986212,delta_qoe_proxy_v1,0.005908281759542032
208,B,0,0,993,6933.333,7016.6669999999995,True,0.35586666666666666,0.3547710596476969,0.0010956070189697686,delta_qoe_proxy_v1,0.0036409849524529432
209,B,0,0,1016,6966.667,7050.0,True,0.35586666666666666,0.35476961725618666,0.00109704941048,delta_qoe_proxy_v1,0.003645778391791472
210,B,0,0,1303,7000.0,7083.333,True,0.35586666666666666,0.35475161871864624,0.00111504794802042,delta_qoe_proxy_v1,0.0037055921783191005
211,B,0,0,963,7033.333,7116.6669999999995,True,0.35586666666666666,0.35477294102792756,0.001093725638739107,delta_qoe_proxy_v1,0.003634732640272502
212,B,0,0,763,7066.667,7150.0,True,0.35586666666666666,0.354785483562799,0.0010811831038676778,delta_qoe_proxy_v1,0.0035930505590683927
213,P,0,0,14745,7100.0,7183.333,True,0.35586666666666666,0.3539086349499406,0.0019580317167260386,delta_qoe_proxy_v1,0.006507044856036859
214,B,0,0,867,7133.333,7216.6669999999995,True,0.35586666666666666,0.35477896144466586,0.001087705222000801,delta_qoe_proxy_v1,0.003614725241294463
215,B,0,0,1017,7166.667,7250.0,True,0.35586666666666666,0.35476955454351233,0.0010971121231543313,delta_qoe_proxy_v1,0.0036459868021974065
216,B,0,0,1579,7200.0,7283.333,True,0.35586666666666666,0.35473431002052375,0.001132356646142918,delta_qoe_proxy_v1,0.003763113450380524
217,B,0,0,972,7233.333,7316.6669999999995,True,0.35586666666666666,0.35477237661385835,0.001094290052808311,delta_qoe_proxy_v1,0.0036366083339266528
218,B,0,0,808,7266.667,7350.0,True,0.35586666666666666,0.3547826614924529,0.0010840051742137535,delta_qoe_proxy_v1,0.003602429027339331
219,P,0,0,12766,7300.0,7383.333,True,0.35586666666666666,0.35403274333249296,0.0018339233341737038,delta_qoe_proxy_v1,0.006094600662523716
220,B,0,0,789,7333.333,7416.6669999999995,True,0.35586666666666666,0.3547838530332657,0.0010828136334009586,delta_qoe_proxy_v1,0.00359846922962491
221,B,0,0,969,7366.667,7450.0,True,0.35586666666666666,0.35477256475188146,0.001094101914785206,delta_qoe_proxy_v1,0.0036359831027084795
222,B,0,0,1268,7400.0,7483.333,True,0.35586666666666666,0.35475381366224873,0.0011128530044179352,delta_qoe_proxy_v1,0.003698297814108432
223,B,0,0,991,7433.333,7516.6669999999995,True,0.35586666666666666,0.3547711850730456,0.0010954815936210505,delta_qoe_proxy_v1,0.003640568131640889
224,B,0,0,777,7466.667,7550.0,True,0.35586666666666666,0.35478460558535796,0.001082061081308705,delta_qoe_proxy_v1,0.0035959683047527705
225,P,0,0,10885,7500.0,7583.333,True,0.35586666666666666,0.35415070587295827,0.0017159607937083932,delta_qoe_proxy_v1,0.005702580688800666
226,B,0,0,1023,7533.333,7616.6669999999995,True,0.35586666666666666,0.3547691782674662,0.0010974883992004858,delta_qoe_proxy_v1,0.0036472372646335688
227,B,0,0,1066,7566.667,7650.0,True,0.35586666666666666,0.3547664816224688,0.0011001850441978434,delta_qoe_proxy_v1,0.003656198912092453
228,B,0,0,1318,7600.0,7683.333,True,0.35586666666666666,0.3547506780285309,0.0011159886381357786,delta_qoe_proxy_v1,0.003708718334409413
229,B,0,0,962,7633.333,7716.6669999999995,True,0.35586666666666666,0.35477300374060194,0.0010936629260647202,delta_qoe_proxy_v1,0.0036345242298663825
230,B,0,0,772,7666.667,7750.0,True,0.35586666666666666,0.3547849191487298,0.0010817475179368818,delta_qoe_proxy_v1,0.0035949262527225434
231,P,0,0,13801,7700.0,7783.333,True,0.35586666666666666,0.35396783571453355,0.0018988309521331126,delta_qoe_proxy_v1,0.006310305432754193
232,B,0,0,835,7733.333,7816.6669999999995,True,0.35586666666666666,0.3547809682502453,0.0010856984164213657,delta_qoe_proxy_v1,0.0036080561083017835
233,B,0,0,1014,7766.667,7850.0,True,0.35586666666666666,0.3547697426815354,0.0010969239851312818,delta_qoe_proxy_v1,0.003645361570979418
234,B,0,0,1360,7800.0,7883.333,True,0.35586666666666666,0.35474804409620786,0.0011186225704588049,delta_qoe_proxy_v1,0.0037174715714623626
235,B,0,0,981,7833.333,7916.6669999999995,True,0.35586666666666666,0.35477181219978915,0.001094854466877515,delta_qoe_proxy_v1,0.0036384840275808035
236,B,0,0,771,7866.667,7950.0,True,0.35586666666666666,0.3547849818614041,0.0010816848052625505,delta_qoe_proxy_v1,0.0035947178423166087
237,P,0,0,12798,7900.0,7983.333,True,0.35586666666666666,0.3540307365269135,0.0018359301397531391,delta_qoe_proxy_v1,0.006101269795516396
238,B,0,0,884,7933.333,8016.6669999999995,True,0.35586666666666666,0.3547778953292018,0.0010887713374648778,delta_qoe_proxy_v1,0.00361826821819683
239,B,0,0,1098,7966.667,8050.0,True,0.35586666666666666,0.3547644748168894,0.0011021918497772787,delta_qoe_proxy_v1,0.003662868045085133
240,B,0,0,1340,8000.0,8083.333,True,0.35586666666666666,0.35474929834969504,0.001117368316971623,delta_qoe_proxy_v1,0.0037133033633418226
241,B,0,0,984,8033.333,8116.6669999999995,True,0.35586666666666666,0.3547716240617661,0.0010950426049005646,delta_qoe_proxy_v1,0.0036391092587987925
242,B,0,0,837,8066.667,8150.0,True,0.35586666666666666,0.3547808428248965,0.0010858238417701394,delta_qoe_proxy_v1,0.003608472929114022
243,P,0,0,12053,8100.0,8183.333,True,0.35586666666666666,0.3540774574693094,0.0017892091973572555,delta_qoe_proxy_v1,0.005946004043031721
244,B,0,0,927,8133.333,8216.667,True,0.35586666666666666,0.35477519868420443,0.0010914679824622353,delta_qoe_proxy_v1,0.0036272298656557143
245,B,0,0,1071,8166.667,8250.0,True,0.35586666666666666,0.35476616805909705,0.001100498607569611,delta_qoe_proxy_v1,0.003657240964122496
246,B,0,0,1259,8200.0,8283.333,True,0.35586666666666666,0.35475437807631793,0.0011122885903487312,delta_qoe_proxy_v1,0.003696422120454281
247,B,0,0,970,8233.333,8316.667000000001,True,0.35586666666666666,0.35477250203920707,0.0010941646274595929,delta_qoe_proxy_v1,0.0036361915131145985
248,B,0,0,774,8266.667,8350.0,True,0.35586666666666666,0.354784793723381,0.0010818729432856555,delta_qoe_proxy_v1,0.003595343073534782
249,P,0,0,12680,8300.0,8383.333,True,0.35586666666666666,0.3540381366224876,0.0018285300441790442,delta_qoe_proxy_v1,0.006076677367606132
250,I,1,1,89287,8333.333,8416.667000000001,False,0.35586666666666666,0.3009095157703562,0.05495715089631048,delta_qoe_proxy_v1,0.1826367994897572
251,B,0,1,552,8366.667,8450.0,False,0.35586666666666666,0.35586666666666666,0.0,delta_qoe_proxy_v1,0.0
252,B,0,1,742,8400.0,8483.333,False,0.35586666666666666,0.35586666666666666,0.0,delta_qoe_proxy_v1,0.0
253,B,0,1,868,8433.333,8516.667000000001,True,0.35586666666666666,0.3547788987319915,0.0010877679346751878,delta_qoe_proxy_v1,0.0036149336517005822
254,B,0,1,883,8466.667,8550.0,True,0.35586666666666666,0.3547779580418761,0.0010887086247905464,delta_qoe_proxy_v1,0.0036180598077908952
255,B,0,1,695,8500.0,8583.333,True,0.35586666666666666,0.35478974802465524,0.0010769186420114263,delta_qoe_proxy_v1,0.00357887865145911
256,P,0,1,2452,8533.333,8616.667000000001,True,0.35586666666666666,0.3546795618558101,0.001187104810856543,delta_qoe_proxy_v1,0.003945055734835918
257,B,0,1,784,8566.667,8650.0,True,0.35586666666666666,0.3547841665966375,0.001082500070029191,delta_qoe_proxy_v1,0.0035974271775948675
258,B,0,1,1131,8600.0,8683.333,True,0.35586666666666666,0.3547624052986356,0.0011042613680310454,delta_qoe_proxy_v1,0.0036697455884837473
259,B,0,1,797,8633.333,8716.667000000001,True,0.35586666666666666,0.35478335133187083,0.0010833153347958313,delta_qoe_proxy_v1,0.0036001365128731262
260,B,0,1,644,8666.667,8750.0,True,0.35586666666666666,0.3547929463710474,0.0010737202956192515,delta_qoe_proxy_v1,0.003568249720752194
261,P,0,1,8300,8700.0,8783.333,True,0.35586666666666666,0.35431281813617094,0.0015538485304957272,delta_qoe_proxy_v1,0.005163839789239403
262,B,0,1,678,8733.333,8816.667000000001,True,0.35586666666666666,0.3547908141401193,0.0010758525265473495,delta_qoe_proxy_v1,0.003575335674556743
263,B,0,1,892,8766.667,8850.0,True,0.35586666666666666,0.3547773936278069,0.0010892730388597505,delta_qoe_proxy_v1,0.003619935501445046
264,B,0,1,863,8800.0,8883.333,True,0.35586666666666666,0.35477921229536324,0.0010874543713034202,delta_qoe_proxy_v1,0.0036138915996705395
265,B,0,1,756,8833.333,8916.667000000001,True,0.35586666666666666,0.3547859225515195,0.001080744115147192,delta_qoe_proxy_v1,0.0035915916862262957
266,B,0,1,547,8866.667,8950.0,True,0.35586666666666666,0.35479902950046005,0.0010676371662066142,delta_qoe_proxy_v1,0.0035480339113682204
267,P,0,1,9435,8900.0,8983.333,True,0.35586666666666666,0.3542416392507758,0.0016250274158908784,delta_qoe_proxy_v1,0.005400385600072027
268,B,0,1,713,8933.333,9016.667000000001,True,0.35586666666666666,0.35478861919651683,0.0010780474701498344,delta_qoe_proxy_v1,0.0035826300387674114
269,B,0,1,912,8966.667,9050.0,True,0.35586666666666666,0.3547761393743198,0.0010905272923468767,delta_qoe_proxy_v1,0.0036241037095654017
270,B,0,1,1076,9000.0,9083.333,True,0.35586666666666666,0.3547658544957253,0.0011008121709413787,delta_qoe_proxy_v1,0.0036582830161525385
271,B,0,1,860,9033.333,9116.667000000001,True,0.35586666666666666,0.35477940043338635,0.0010872662332803151,delta_qoe_proxy_v1,0.0036132663684523662
272,B,0,1,592,9066.667,9150.0,True,0.35586666666666666,0.354796207430114,0.00107045923655269,delta_qoe_proxy_v1,0.0035574123796391585
273,P,0,1,13089,9100.0,9183.333,True,0.35586666666666666,0.35401248713867567,0.0018541795279909956,delta_qoe_proxy_v1,0.006161917223668132
274,B,0,1,568,9133.333,9216.667000000001,True,0.35586666666666666,0.3547977125342986,0.0010689541323680718,delta_qoe_proxy_v1,0.0035524105298945104
275,B,0,1,909,9166.667,9250.0,True,0.35586666666666666,0.35477632751234284,0.0010903391543238272,delta_qoe_proxy_v1,0.0036234784783474128
276,B,0,1,1123,9200.0,9283.333,True,0.35586666666666666,0.3547629070000305,0.0011037596666361726,delta_qoe_proxy_v1,0.0036680783052355313
277,B,0,1,922,9233.333,9316.667000000001,True,0.35586666666666666,0.3547755122475762,0.0010911544190904676,delta_qoe_proxy_v1,0.0036261878136256715
278,B,0,1,674,9266.667,9350.0,True,0.35586666666666666,0.35479106499081675,0.0010756016758499132,delta_qoe_proxy_v1,0.003574502032932635
279,P,0,1,8299,9300.0,9383.333,True,0.35586666666666666,0.35431288084884527,0.001553785817821396,delta_qoe_proxy_v1,0.005163631378833468
280,B,0,1,827,9333.333,9416.667000000001,True,0.35586666666666666,0.3547814699516401,0.0010851967150265485,delta_qoe_proxy_v1,0.0036063888250537517
281,B,0,1,1033,9366.667,9450.0,True,0.35586666666666666,0.3547685511407226,0.0010981155259440767,delta_qoe_proxy_v1,0.0036493213686938386
282,B,0,1,1220,9400.0,9483.333,True,0.35586666666666666,0.35475682387061785,0.00110984279604881,delta_qoe_proxy_v1,0.003688294114619505
283,B,0,1,963,9433.333,9516.667000000001,True,0.35586666666666666,0.35477294102792756,0.001093725638739107,delta_qoe_proxy_v1,0.003634732640272502
284,B,0,1,742,9466.667,9550.0,True,0.35586666666666666,0.35478680052896044,0.0010798661377062202,delta_qoe_proxy_v1,0.0035886739405421022
285,P,0,1,10030,9500.0,9583.333,True,0.35586666666666666,0.3542043252095335,0.0016623414571331763,delta_qoe_proxy_v1,0.0055243897916535745
286,B,0,1,681,9533.333,9616.667000000001,True,0.35586666666666666,0.3547906260020962,0.0010760406645704546,delta_qoe_proxy_v1,0.0035759609057749164
287,B,0,1,1027,9566.667,9650.0,True,0.35586666666666666,0.35476892741676874,0.0010977392498979222,delta_qoe_proxy_v1,0.0036480709062576768
288,B,0,1,1369,9600.0,9683.333,True,0.35586666666666666,0.3547474796821387,0.0011191869845279534,delta_qoe_proxy_v1,0.003719347265116329
289,B,0,1,930,9633.333,9716.667000000001,True,0.35586666666666666,0.3547750105461814,0.0010916561204852848,delta_qoe_proxy_v1,0.003627855096873703
290,B,0,1,876,9666.667,9750.0,True,0.35586666666666666,0.35477839703059666,0.001088269636070005,delta_qoe_proxy_v1,0.003616600934948614
291,P,0,1,7476,9700.0,9783.333,True,0.35586666666666666,0.354364493379841,0.0015021732868256699,delta_qoe_proxy_v1,0.0049921096146792404
292,B,0,1,902,9733.333,9816.667000000001,True,0.35586666666666666,0.3547767665010634,0.0010899001656032858,delta_qoe_proxy_v1,0.0036220196055051315
293,B,0,1,1010,9766.667,9850.0,True,0.35586666666666666,0.3547699935322328,0.0010966731344338454,delta_qoe_proxy_v1,0.00364452792935531
294,B,0,1,903,9800.0,9883.333,True,0.35586666666666666,0.354776703788389,0.0010899628782776727,delta_qoe_proxy_v1,0.0036222280159112505
295,P,0,1,5855,9833.333,9916.667000000001,True,0.35586666666666666,0.35446615062497355,0.0014005160416931117,delta_qoe_proxy_v1,0.004654276346521182
296,B,0,1,979,9866.667,9950.0,True,0.35586666666666666,0.35477193762513787,0.001094729041528797,delta_qoe_proxy_v1,0.0036380672067687497
297,B,0,1,1282,9900.0,9983.333,True,0.35586666666666666,0.3547529356848077,0.0011137309818589625,delta_qoe_proxy_v1,0.00370121555979281
298,B,0,1,1104,9933.333,10016.667000000001,True,0.35586666666666666,0.35476409854084323,0.0011025681258234332,delta_qoe_proxy_v1,0.0036641185075212946
299,P,0,1,3230,9966.667,10050.0,True,0.35586666666666666,0.35463077139516047,0.0012358952715061933,delta_qoe_proxy_v1,0.004107199030719207
